--
-- PostgreSQL database dump
--

-- Dumped from database version 13.6 (Debian 13.6-1.pgdg110+1)
-- Dumped by pg_dump version 13.6 (Debian 13.6-1.pgdg110+1)

SET statement_timeout = 0;
SET lock_timeout = 0;
SET idle_in_transaction_session_timeout = 0;
SET client_encoding = 'UTF8';
SET standard_conforming_strings = on;
SELECT pg_catalog.set_config('search_path', '', false);
SET check_function_bodies = false;
SET xmloption = content;
SET client_min_messages = warning;
SET row_security = off;


SET default_tablespace = '';

SET default_table_access_method = heap;

--
-- Name: auth_group; Type: TABLE; Schema: public; Owner: postgres
--

CREATE TABLE public.auth_group (
    id integer NOT NULL,
    name character varying(150) NOT NULL
);


ALTER TABLE public.auth_group OWNER TO postgres;

--
-- Name: auth_group_id_seq; Type: SEQUENCE; Schema: public; Owner: postgres
--

ALTER TABLE public.auth_group ALTER COLUMN id ADD GENERATED BY DEFAULT AS IDENTITY (
    SEQUENCE NAME public.auth_group_id_seq
    START WITH 1
    INCREMENT BY 1
    NO MINVALUE
    NO MAXVALUE
    CACHE 1
);


--
-- Name: auth_group_permissions; Type: TABLE; Schema: public; Owner: postgres
--

CREATE TABLE public.auth_group_permissions (
    id integer NOT NULL,
    group_id integer NOT NULL,
    permission_id integer NOT NULL
);


ALTER TABLE public.auth_group_permissions OWNER TO postgres;

--
-- Name: auth_group_permissions_id_seq; Type: SEQUENCE; Schema: public; Owner: postgres
--

ALTER TABLE public.auth_group_permissions ALTER COLUMN id ADD GENERATED BY DEFAULT AS IDENTITY (
    SEQUENCE NAME public.auth_group_permissions_id_seq
    START WITH 1
    INCREMENT BY 1
    NO MINVALUE
    NO MAXVALUE
    CACHE 1
);


--
-- Name: auth_permission; Type: TABLE; Schema: public; Owner: postgres
--

CREATE TABLE public.auth_permission (
    id integer NOT NULL,
    name character varying(255) NOT NULL,
    content_type_id integer NOT NULL,
    codename character varying(100) NOT NULL
);


ALTER TABLE public.auth_permission OWNER TO postgres;

--
-- Name: auth_permission_id_seq; Type: SEQUENCE; Schema: public; Owner: postgres
--

ALTER TABLE public.auth_permission ALTER COLUMN id ADD GENERATED BY DEFAULT AS IDENTITY (
    SEQUENCE NAME public.auth_permission_id_seq
    START WITH 1
    INCREMENT BY 1
    NO MINVALUE
    NO MAXVALUE
    CACHE 1
);



CREATE TABLE public.auth_user_groups (
    id integer NOT NULL,
    user_id integer NOT NULL,
    group_id integer NOT NULL
);


ALTER TABLE public.auth_user_groups OWNER TO postgres;

--
-- Name: auth_user_groups_id_seq; Type: SEQUENCE; Schema: public; Owner: postgres
--

ALTER TABLE public.auth_user_groups ALTER COLUMN id ADD GENERATED BY DEFAULT AS IDENTITY (
    SEQUENCE NAME public.auth_user_groups_id_seq
    START WITH 1
    INCREMENT BY 1
    NO MINVALUE
    NO MAXVALUE
    CACHE 1
);



--
-- Name: auth_user_user_permissions; Type: TABLE; Schema: public; Owner: postgres
--

CREATE TABLE public.auth_user_user_permissions (
    id integer NOT NULL,
    user_id integer NOT NULL,
    permission_id integer NOT NULL
);


ALTER TABLE public.auth_user_user_permissions OWNER TO postgres;

--
-- Name: auth_user_user_permissions_id_seq; Type: SEQUENCE; Schema: public; Owner: postgres
--

ALTER TABLE public.auth_user_user_permissions ALTER COLUMN id ADD GENERATED BY DEFAULT AS IDENTITY (
    SEQUENCE NAME public.auth_user_user_permissions_id_seq
    START WITH 1
    INCREMENT BY 1
    NO MINVALUE
    NO MAXVALUE
    CACHE 1
);


--
-- Name: authtoken_token; Type: TABLE; Schema: public; Owner: postgres
--

CREATE TABLE public.authtoken_token (
    key character varying(40) NOT NULL,
    created timestamp with time zone NOT NULL,
    user_id integer NOT NULL
);


ALTER TABLE public.authtoken_token OWNER TO postgres;

--
-- Name: django_admin_log; Type: TABLE; Schema: public; Owner: postgres
--

CREATE TABLE public.django_admin_log (
    id integer NOT NULL,
    action_time timestamp with time zone NOT NULL,
    object_id text,
    object_repr character varying(200) NOT NULL,
    action_flag smallint NOT NULL,
    change_message text NOT NULL,
    content_type_id integer,
    user_id integer NOT NULL,
    CONSTRAINT django_admin_log_action_flag_check CHECK ((action_flag >= 0))
);


ALTER TABLE public.django_admin_log OWNER TO postgres;

--
-- Name: django_admin_log_id_seq; Type: SEQUENCE; Schema: public; Owner: postgres
--

ALTER TABLE public.django_admin_log ALTER COLUMN id ADD GENERATED BY DEFAULT AS IDENTITY (
    SEQUENCE NAME public.django_admin_log_id_seq
    START WITH 1
    INCREMENT BY 1
    NO MINVALUE
    NO MAXVALUE
    CACHE 1
);


--
-- Name: django_content_type; Type: TABLE; Schema: public; Owner: postgres
--

CREATE TABLE public.django_content_type (
    id integer NOT NULL,
    app_label character varying(100) NOT NULL,
    model character varying(100) NOT NULL
);


ALTER TABLE public.django_content_type OWNER TO postgres;

--
-- Name: django_content_type_id_seq; Type: SEQUENCE; Schema: public; Owner: postgres
--

ALTER TABLE public.django_content_type ALTER COLUMN id ADD GENERATED BY DEFAULT AS IDENTITY (
    SEQUENCE NAME public.django_content_type_id_seq
    START WITH 1
    INCREMENT BY 1
    NO MINVALUE
    NO MAXVALUE
    CACHE 1
);


--
-- Name: django_migrations; Type: TABLE; Schema: public; Owner: postgres
--

CREATE TABLE public.django_migrations (
    id integer NOT NULL,
    app character varying(255) NOT NULL,
    name character varying(255) NOT NULL,
    applied timestamp with time zone NOT NULL
);


ALTER TABLE public.django_migrations OWNER TO postgres;

--
-- Name: django_migrations_id_seq; Type: SEQUENCE; Schema: public; Owner: postgres
--

ALTER TABLE public.django_migrations ALTER COLUMN id ADD GENERATED BY DEFAULT AS IDENTITY (
    SEQUENCE NAME public.django_migrations_id_seq
    START WITH 1
    INCREMENT BY 1
    NO MINVALUE
    NO MAXVALUE
    CACHE 1
);


--
-- Name: django_session; Type: TABLE; Schema: public; Owner: postgres
--

CREATE TABLE public.django_session (
    session_key character varying(40) NOT NULL,
    session_data text NOT NULL,
    expire_date timestamp with time zone NOT NULL
);


ALTER TABLE public.django_session OWNER TO postgres;

--
-- Name: spots_picture; Type: TABLE; Schema: public; Owner: postgres
--

CREATE TABLE public.spots_picture (
    id integer NOT NULL,
    user_id integer NOT NULL,
    spot_id integer NOT NULL,
    created timestamp without time zone NOT NULL,
    "position" public.geometry NOT NULL,
    published boolean NOT NULL
);


ALTER TABLE public.spots_picture OWNER TO postgres;

--
-- Name: spots_picture_id_seq; Type: SEQUENCE; Schema: public; Owner: postgres
--

CREATE SEQUENCE public.spots_picture_id_seq
    AS integer
    START WITH 1
    INCREMENT BY 1
    NO MINVALUE
    NO MAXVALUE
    CACHE 1;


ALTER TABLE public.spots_picture_id_seq OWNER TO postgres;

--
-- Name: spots_picture_id_seq; Type: SEQUENCE OWNED BY; Schema: public; Owner: postgres
--

ALTER SEQUENCE public.spots_picture_id_seq OWNED BY public.spots_picture.id;


--
-- Name: spots_picture_user; Type: TABLE; Schema: public; Owner: postgres
--

CREATE TABLE public.spots_picture_user (
    spots_picture_id integer NOT NULL,
    user_id integer NOT NULL
);


ALTER TABLE public.spots_picture_user OWNER TO postgres;

--
-- Name: spots_spot; Type: TABLE; Schema: public; Owner: postgres
--

CREATE TABLE public.spots_spot (
    id integer NOT NULL,
    user_id integer NOT NULL,
    created timestamp without time zone NOT NULL,
    modified timestamp without time zone NOT NULL,
    name character varying(255) NOT NULL,
    description text NOT NULL,
    score integer NOT NULL,
    picture1_id integer,
    picture2_id integer,
    "position" public.geometry NOT NULL,
    secretspot boolean NOT NULL
);


ALTER TABLE public.spots_spot OWNER TO postgres;

--
-- Name: spots_spot_id_seq; Type: SEQUENCE; Schema: public; Owner: postgres
--

CREATE SEQUENCE public.spots_spot_id_seq
    AS integer
    START WITH 1
    INCREMENT BY 1
    NO MINVALUE
    NO MAXVALUE
    CACHE 1;


ALTER TABLE public.spots_spot_id_seq OWNER TO postgres;

--
-- Name: spots_spot_id_seq; Type: SEQUENCE OWNED BY; Schema: public; Owner: postgres
--

ALTER SEQUENCE public.spots_spot_id_seq OWNED BY public.spots_spot.id;


--
-- Name: spots_user; Type: TABLE; Schema: public; Owner: postgres
--

CREATE TABLE public.spots_user (
    id integer NOT NULL,
    username character varying(255) NOT NULL,
    username_canonical character varying(255) NOT NULL,
    email character varying(255) NOT NULL,
    email_canonical character varying(255) NOT NULL,
    enabled boolean NOT NULL,
    salt character varying(255) NOT NULL,
    password character varying(255) NOT NULL,
    last_login timestamp without time zone,
    locked boolean NOT NULL,
    expired boolean NOT NULL,
    expires_at timestamp without time zone,
    confirmation_token character varying(255) DEFAULT NULL::character varying,
    password_requested_at timestamp without time zone,
    roles text NOT NULL,
    credentials_expired boolean NOT NULL,
    credentials_expire_at timestamp without time zone,
    created timestamp without time zone NOT NULL,
    reputation integer NOT NULL
);


ALTER TABLE public.spots_user OWNER TO postgres;

--
-- Name: spots_user_id_seq; Type: SEQUENCE; Schema: public; Owner: postgres
--

CREATE SEQUENCE public.spots_user_id_seq
    AS integer
    START WITH 1
    INCREMENT BY 1
    NO MINVALUE
    NO MAXVALUE
    CACHE 1;


ALTER TABLE public.spots_user_id_seq OWNER TO postgres;

--
-- Name: spots_user_id_seq; Type: SEQUENCE OWNED BY; Schema: public; Owner: postgres
--

ALTER SEQUENCE public.spots_user_id_seq OWNED BY public.spots_user.id;


--
-- Name: spots_picture id; Type: DEFAULT; Schema: public; Owner: postgres
--

ALTER TABLE ONLY public.spots_picture ALTER COLUMN id SET DEFAULT nextval('public.spots_picture_id_seq'::regclass);


--
-- Name: spots_spot id; Type: DEFAULT; Schema: public; Owner: postgres
--

ALTER TABLE ONLY public.spots_spot ALTER COLUMN id SET DEFAULT nextval('public.spots_spot_id_seq'::regclass);


--
-- Name: spots_user id; Type: DEFAULT; Schema: public; Owner: postgres
--

ALTER TABLE ONLY public.spots_user ALTER COLUMN id SET DEFAULT nextval('public.spots_user_id_seq'::regclass);


--
-- Data for Name: auth_group; Type: TABLE DATA; Schema: public; Owner: postgres
--

COPY public.auth_group (id, name) FROM stdin;
\.


--
-- Data for Name: auth_group_permissions; Type: TABLE DATA; Schema: public; Owner: postgres
--

COPY public.auth_group_permissions (id, group_id, permission_id) FROM stdin;
\.


--
-- Data for Name: auth_permission; Type: TABLE DATA; Schema: public; Owner: postgres
--

COPY public.auth_permission (id, name, content_type_id, codename) FROM stdin;
1	Can add spot	1	add_spot
2	Can change spot	1	change_spot
3	Can delete spot	1	delete_spot
4	Can view spot	1	view_spot
5	Can add picture	2	add_picture
6	Can change picture	2	change_picture
7	Can delete picture	2	delete_picture
8	Can view picture	2	view_picture
9	Can add log entry	3	add_logentry
10	Can change log entry	3	change_logentry
11	Can delete log entry	3	delete_logentry
12	Can view log entry	3	view_logentry
13	Can add permission	4	add_permission
14	Can change permission	4	change_permission
15	Can delete permission	4	delete_permission
16	Can view permission	4	view_permission
17	Can add group	5	add_group
18	Can change group	5	change_group
19	Can delete group	5	delete_group
20	Can view group	5	view_group
21	Can add user	6	add_user
22	Can change user	6	change_user
23	Can delete user	6	delete_user
24	Can view user	6	view_user
25	Can add content type	7	add_contenttype
26	Can change content type	7	change_contenttype
27	Can delete content type	7	delete_contenttype
28	Can view content type	7	view_contenttype
29	Can add session	8	add_session
30	Can change session	8	change_session
31	Can delete session	8	delete_session
32	Can view session	8	view_session
33	Can add Token	9	add_token
34	Can change Token	9	change_token
35	Can delete Token	9	delete_token
36	Can view Token	9	view_token
37	Can add token	10	add_tokenproxy
38	Can change token	10	change_tokenproxy
39	Can delete token	10	delete_tokenproxy
40	Can view token	10	view_tokenproxy
\.


--
-- Data for Name: auth_user_groups; Type: TABLE DATA; Schema: public; Owner: postgres
--

COPY public.auth_user_groups (id, user_id, group_id) FROM stdin;
\.


--
-- Data for Name: auth_user_user_permissions; Type: TABLE DATA; Schema: public; Owner: postgres
--

COPY public.auth_user_user_permissions (id, user_id, permission_id) FROM stdin;
\.


--
-- Data for Name: authtoken_token; Type: TABLE DATA; Schema: public; Owner: postgres
--

COPY public.authtoken_token (key, created, user_id) FROM stdin;
\.


--
-- Data for Name: django_admin_log; Type: TABLE DATA; Schema: public; Owner: postgres
--

COPY public.django_admin_log (id, action_time, object_id, object_repr, action_flag, change_message, content_type_id, user_id) FROM stdin;
\.


--
-- Data for Name: django_content_type; Type: TABLE DATA; Schema: public; Owner: postgres
--

COPY public.django_content_type (id, app_label, model) FROM stdin;
1	spots	spot
2	spots	picture
3	admin	logentry
4	auth	permission
5	auth	group
6	auth	user
7	contenttypes	contenttype
8	sessions	session
9	authtoken	token
10	authtoken	tokenproxy
\.


--
-- Data for Name: django_migrations; Type: TABLE DATA; Schema: public; Owner: postgres
--

COPY public.django_migrations (id, app, name, applied) FROM stdin;
1	contenttypes	0001_initial	2022-12-10 20:59:37.576581+00
2	auth	0001_initial	2022-12-10 20:59:37.619298+00
3	admin	0001_initial	2022-12-10 20:59:37.634116+00
4	admin	0002_logentry_remove_auto_add	2022-12-10 20:59:37.643516+00
5	admin	0003_logentry_add_action_flag_choices	2022-12-10 20:59:37.652864+00
6	contenttypes	0002_remove_content_type_name	2022-12-10 20:59:37.675961+00
7	auth	0002_alter_permission_name_max_length	2022-12-10 20:59:37.685662+00
8	auth	0003_alter_user_email_max_length	2022-12-10 20:59:37.695004+00
9	auth	0004_alter_user_username_opts	2022-12-10 20:59:37.706135+00
10	auth	0005_alter_user_last_login_null	2022-12-10 20:59:37.715169+00
11	auth	0006_require_contenttypes_0002	2022-12-10 20:59:37.716652+00
12	auth	0007_alter_validators_add_error_messages	2022-12-10 20:59:37.721738+00
13	auth	0008_alter_user_username_max_length	2022-12-10 20:59:37.728905+00
14	auth	0009_alter_user_last_name_max_length	2022-12-10 20:59:37.734372+00
15	auth	0010_alter_group_name_max_length	2022-12-10 20:59:37.740387+00
16	auth	0011_update_proxy_permissions	2022-12-10 20:59:37.747224+00
17	auth	0012_alter_user_first_name_max_length	2022-12-10 20:59:37.752458+00
18	authtoken	0001_initial	2022-12-10 20:59:37.764565+00
19	authtoken	0002_auto_20160226_1747	2022-12-10 20:59:37.791058+00
20	authtoken	0003_tokenproxy	2022-12-10 20:59:37.793412+00
21	sessions	0001_initial	2022-12-10 20:59:37.801487+00
\.


--
-- Data for Name: django_session; Type: TABLE DATA; Schema: public; Owner: postgres
--

COPY public.django_session (session_key, session_data, expire_date) FROM stdin;
gh6m6bj7bhhwqepxga0gvfqcs8f0ww68	.eJxVjEEOwiAQRe_C2pACg6JL956BDMyMVA0kpV0Z726bdKHb_977bxVxmUtcOk9xJHVRRh1-t4T5yXUD9MB6bzq3Ok9j0puid9r1rRG_rrv7d1Cwl7W2bDIMHAAsu-HIgQVDRrJsHeHJOxEPTkASwXl1WUJOSZgoGGRv1OcLBTs5gA:1p47dr:8LWtmb5JjLegXapoWnbX6iUdOCGeqPPMZJZBbdC0ZCY	2022-12-24 21:44:19.359836+00
\.


--
-- Data for Name: spatial_ref_sys; Type: TABLE DATA; Schema: public; Owner: postgres
--

COPY public.spatial_ref_sys (srid, auth_name, auth_srid, srtext, proj4text) FROM stdin;
\.


--
-- Data for Name: spots_picture; Type: TABLE DATA; Schema: public; Owner: postgres
--

COPY public.spots_picture (id, user_id, spot_id, created, "position", published) FROM stdin;
1	1	1	2014-10-29 20:59:38	01010000001DACFF73983F214096B20C71AC434740	t
2	1	2	2014-11-03 20:00:42	0101000000EE42739D467A214090A0F831E63E4740	t
3	1	3	2014-11-19 20:39:21	0101000000B858518369B8214073D712F241A74640	t
4	1	4	2014-11-19 21:05:12	0101000000F2CD3637A6372140166A4DF38E434740	t
5	1	5	2014-11-19 21:33:33	01010000002D95B7239CF61C4070CE88D2DE904740	t
6	1	6	2014-12-30 15:59:35	01010000006CEC12D55B93204009F9A067B3BA4740	t
7	1	7	2014-12-30 16:29:18	0101000000D00F238447EB214017B7D100DE024740	t
8	1	8	2015-01-12 22:29:14	01010000007A53910A630B23402FDD2406816D4740	t
9	1	9	2015-01-13 22:13:55	010100000013B875374FB52040FB3A70CE88824840	t
10	1	10	2015-01-20 19:11:22	01010000000F45813E91872240C66D3480B7684740	t
11	1	11	2015-01-21 23:03:33	0101000000B9C7D2872E081D4060E5D022DB914740	t
12	1	12	2015-01-31 17:06:30	010100000002BC0512147F2040FF21FDF675084940	t
13	1	13	2015-03-08 11:47:39	010100000080608E1EBF072240B81E85EB51184740	t
14	1	14	2015-03-11 22:59:00	010100000029965B5A0D891340AEB6627FD92D4A40	t
15	1	15	2015-03-16 23:07:30	01010000000CC85EEFFE581E40984C158C4ACA4740	t
16	1	16	2015-03-17 21:12:14	010100000076543541D49D20404CA60A4625BD4740	t
17	1	17	2015-03-17 21:57:23	0101000000713D0AD7A3C85EC0992A1895D4A94840	t
18	1	18	2015-03-17 22:19:24	010100000087A757CA328420405BD3BCE3149D4740	t
19	1	19	2015-03-18 18:37:18	0101000000B3B6291E17FD22401BBE8575E3814740	t
20	1	20	2015-03-19 17:46:27	01010000005778978BF80E2340AF946588636D4740	t
21	1	1	2015-04-01 22:39:38	01010000004E64E602973F2140DC2A8881AE434740	t
22	1	1	2015-04-01 22:45:13	01010000004E64E602973F2140DC2A8881AE434740	t
23	1	21	2015-04-07 19:32:36	0101000000A79196CADB11234069006F81046D4740	t
24	1	22	2015-04-08 19:09:03	010100000005C58F3177DD2240CDCCCCCCCC844740	t
25	1	23	2015-04-10 16:04:37	0101000000494BE5ED088722409BE61DA7E8684740	t
26	1	3	2015-04-14 23:13:31	010100000046CEC29E76B82140AC1C5A643BA74640	t
27	1	24	2015-04-15 19:31:39	0101000000B0389CF9D50C2340865AD3BCE36C4740	t
28	1	24	2015-04-15 19:32:35	0101000000B0389CF9D50C2340865AD3BCE36C4740	t
29	1	8	2015-04-15 19:43:51	0101000000ECFA05BB610B2340933A014D846D4740	t
30	1	25	2015-04-15 19:58:23	0101000000B1E1E995B20C23405AF5B9DA8A6D4740	t
31	1	25	2015-04-15 19:59:01	0101000000B1E1E995B20C23405AF5B9DA8A6D4740	t
32	1	26	2015-04-15 20:07:08	0101000000191C25AFCE112340B003E78C286D4740	t
33	1	27	2015-04-15 20:11:15	0101000000AB048BC3990F2340DBF97E6ABC6C4740	t
34	1	21	2015-04-20 19:59:52	0101000000FE48111956112340CC5D4BC8076D4740	t
35	1	15	2015-04-28 19:31:39	0101000000459E245D33591E40FCA9F1D24DCA4740	t
36	1	28	2015-05-05 21:36:04	01010000002EFF21FDF6751E407DAEB6627FC94740	t
37	1	28	2015-05-05 21:38:59	01010000002EFF21FDF6751E407DAEB6627FC94740	t
38	1	29	2015-05-26 22:50:08	01010000006FB88FDC9A9C2040D0F23CB83BBD4740	t
39	1	30	2015-05-27 17:34:44	01010000005EA27A6B601B2340CFF753E3A57B4740	t
40	1	31	2015-05-28 09:49:04	0101000000B41F2922C34A1E40B7D100DE02C94740	t
41	1	32	2015-06-01 19:34:25	010100000004ADC090D50D23406891ED7C3F6D4740	t
42	1	33	2015-06-05 11:55:33	01010000003F355EBA490C22408D28ED0DBE184740	t
43	1	34	2015-06-05 12:01:49	0101000000247F30F0DC0B22400E4FAF9465184740	t
44	1	35	2015-06-05 18:05:17	01010000002F8B89CDC715224007F01648501C4740	t
45	1	36	2015-06-09 19:01:47	0101000000931D1B81788D224061C3D32B65694740	t
46	1	36	2015-06-09 19:02:24	01010000003D9B559FAB8D2240287E8CB96B694740	t
47	1	37	2015-06-17 15:35:52	0101000000F645425BCEE52240DD24068195534740	t
48	1	38	2015-06-19 17:59:13	01010000009D9D0C8E92A720404D158C4AEAFC4840	t
49	1	38	2015-06-19 18:00:03	01010000009D9D0C8E92A720404D158C4AEAFC4840	t
50	1	38	2015-06-19 18:00:27	01010000009D9D0C8E92A720404D158C4AEAFC4840	t
51	1	38	2015-06-19 18:01:10	01010000009D9D0C8E92A720404D158C4AEAFC4840	t
52	1	39	2015-06-20 14:21:33	0101000000C6F99B50885021409CA223B9FCEF4840	t
53	1	39	2015-06-20 15:21:25	010100000039D6C56D345021401D5A643BDFEF4840	t
54	1	40	2015-06-20 16:10:36	010100000092E86514CB4D21403A92CB7F48EF4840	t
55	1	41	2015-06-20 17:10:56	010100000097AE601BF14C21403F90BC7328EF4840	t
56	1	42	2015-06-20 20:07:32	0101000000B471C45A7C8A1F4096438B6CE7FB4840	t
57	1	42	2015-06-20 20:08:15	01010000007D3F355EBA891F4079E9263108FC4840	t
58	1	42	2015-06-20 20:08:31	01010000007D3F355EBA891F4079E9263108FC4840	t
59	1	43	2015-06-21 16:16:50	01010000008A8EE4F21F422040E4141DC9E5974840	t
60	1	43	2015-06-21 16:17:17	01010000008A8EE4F21F422040E4141DC9E5974840	t
61	1	43	2015-06-21 16:17:42	01010000008A8EE4F21F422040E4141DC9E5974840	t
62	1	44	2015-06-30 18:35:51	0101000000075F984C152C23408D976E1283A04740	t
63	1	44	2015-06-30 18:36:14	0101000000075F984C152C23408D976E1283A04740	t
64	1	44	2015-06-30 18:36:33	0101000000075F984C152C23408D976E1283A04740	t
65	1	44	2015-06-30 18:36:51	0101000000CE70033E3F2C2340637FD93D79A04740	t
66	1	45	2015-07-13 19:25:58	010100000089EAAD81AD122340A1D634EF386D4740	t
67	1	45	2015-07-13 19:26:30	010100000089EAAD81AD122340A1D634EF386D4740	t
68	1	46	2015-07-20 18:09:13	010100000082A8FB00A4062340E8D9ACFA5C6D4740	t
69	1	47	2015-07-28 17:56:59	0101000000240B98C0ADCB22400F9C33A2B4674740	t
70	1	48	2015-08-27 19:09:23	0101000000A9A44E4013E12240228E75711B854740	t
71	1	49	2015-08-27 20:01:40	010100000070EB6E9EEAE0224069006F8104854740	t
72	1	50	2015-08-31 20:13:22	0101000000E605D847A70E2340211FF46C566D4740	t
73	1	7	2015-09-05 14:42:53	0101000000EC17EC866DEB2140174850FC18034740	t
74	1	7	2015-09-05 14:44:17	01010000002506819543EB214042CF66D5E7024740	t
75	1	51	2015-09-16 14:35:54	0101000000C8073D9B55EF214024B9FC87F4134740	t
76	1	51	2015-09-16 14:36:39	0101000000C8073D9B55EF214024B9FC87F4134740	t
77	1	21	2015-09-21 18:57:20	01010000006F2A52616C11234030BB270F0B6D4740	t
78	1	21	2015-09-21 19:00:18	01010000006F2A52616C11234030BB270F0B6D4740	t
79	1	52	2015-09-24 18:15:23	010100000002B7EEE6A90E2340B1506B9A776C4740	t
80	1	53	2015-09-28 18:47:09	01010000005C1B2AC6F9EB2240C1A8A44E406B4740	t
81	1	53	2015-09-28 18:47:31	01010000005C1B2AC6F9EB2240C1A8A44E406B4740	t
82	1	54	2015-09-30 09:37:01	0101000000C0266BD443642140C58F31772D414740	t
83	1	2	2015-09-30 16:38:51	0101000000EE7C3F355E7A214090A0F831E63E4740	t
84	1	2	2015-09-30 16:39:24	0101000000EE7C3F355E7A214090A0F831E63E4740	t
85	1	55	2015-10-21 17:26:15	0101000000AD174339D10E2340B0726891ED6C4740	t
86	1	55	2015-10-21 17:27:20	01010000001E335019FF0E2340B0726891ED6C4740	t
87	1	56	2015-11-22 14:31:31	0101000000ABCFD556ECEF2140B0726891ED2C4740	t
88	1	56	2015-11-22 14:32:02	0101000000ABCFD556ECEF2140B0726891ED2C4740	t
89	1	57	2015-11-22 14:35:59	01010000007008556AF6F021400612143FC62C4740	t
90	1	57	2015-11-22 14:36:34	01010000007008556AF6F021400612143FC62C4740	t
91	1	58	2015-11-22 14:48:28	01010000007138F3AB39F02140AE47E17A142E4740	t
92	1	59	2015-11-22 14:59:47	0101000000AAB706B64AF02140E7FBA9F1D22D4740	t
93	1	60	2015-11-22 15:29:51	010100000020D26F5F07DE2140C976BE9F1A2F4740	t
94	1	61	2015-11-25 08:18:28	01010000008E06F01648F0214067D5E76A2B2E4740	t
95	1	62	2015-11-28 17:45:44	0101000000983446EBA8BA2140AE47E17A14164740	t
96	1	62	2015-11-28 17:46:19	0101000000983446EBA8BA2140AE47E17A14164740	t
97	1	62	2015-11-28 17:47:44	0101000000983446EBA8BA2140AE47E17A14164740	t
98	1	62	2015-11-28 17:48:19	0101000000983446EBA8BA2140AE47E17A14164740	t
99	2	62	2015-11-28 17:51:05	0101000000D1967329AEBA2140AE47E17A14164740	t
100	1	63	2015-12-12 14:05:52	0101000000C2DD59BBEDB22140F5B9DA8AFD154740	t
101	1	64	2015-12-17 22:29:44	01010000007D5C1B2AC6992140A1F831E6AE154740	t
102	1	65	2015-12-17 23:03:48	010100000095826E2F69DC2240CE88D2DEE0834740	t
103	1	66	2015-12-23 14:20:26	0101000000056EDDCD530D22408CB96B09F9184740	t
104	1	67	2015-12-23 21:28:24	0101000000959F54FB744C2140C976BE9F1AEF4840	t
105	1	68	2016-03-09 10:10:51	01010000001A87FA5DD8022340B821C66B5E934740	t
106	1	33	2016-03-09 12:34:17	010100000095B7239C160C224029CB10C7BA184740	t
107	1	53	2016-04-11 18:14:04	01010000004030478FDFEB2240FAEDEBC0396B4740	t
108	1	69	2016-04-11 22:13:11	01010000006B2BF697DD0B54C0849ECDAACFC53940	t
109	1	70	2016-04-11 22:16:47	0101000000728A8EE4F20B54C0D9CEF753E3C53940	t
110	1	70	2016-04-11 22:18:11	0101000000728A8EE4F20B54C0D9CEF753E3C53940	t
111	1	71	2016-04-11 22:21:38	01010000000E2DB29DEF0B54C012143FC6DCC53940	t
112	1	72	2016-04-11 22:25:37	01010000008716D9CEF70B54C0BDE3141DC9C53940	t
113	1	72	2016-04-11 22:26:28	01010000008716D9CEF70B54C0BDE3141DC9C53940	t
114	1	72	2016-04-11 22:27:45	01010000008716D9CEF70B54C0BDE3141DC9C53940	t
115	1	4	2016-04-13 16:10:36	0101000000F4C308E1D13621404182E2C798434740	t
116	1	21	2016-04-14 18:00:45	0101000000C5387F130A112340A245B6F3FD6C4740	t
117	1	73	2016-04-14 19:09:02	01010000008BE07F2BD91123408FC2F5285C6F4740	t
118	1	74	2016-04-17 18:48:17	01010000002315C61682DC2140AC8BDB68002F4740	t
119	1	74	2016-04-17 18:50:02	010100000006BB61DBA2DC21401E166A4DF32E4740	t
120	1	74	2016-04-17 19:03:01	0101000000060DFD135CDC21409FCDAACFD52E4740	t
121	1	75	2016-04-17 19:25:30	0101000000361FD7868A1121402C6519E258AF4740	t
122	1	76	2016-04-18 08:48:45	010100000087FE092E56341A406ADE718A8E444740	t
123	1	76	2016-04-18 08:52:39	0101000000A3E9EC6470341A4031992A1895444740	t
124	1	77	2016-04-18 22:38:13	01010000000AA2EE03905A21404D840D4FAFB44840	t
125	1	78	2016-04-20 11:35:12	01010000009604A8A9650B22402AA913D044184740	t
126	1	78	2016-04-20 11:35:39	0101000000B398D87C5C0B22408E06F01648184740	t
127	1	34	2016-04-20 11:39:33	0101000000249C16BCE80B2240AAF1D24D62184740	t
128	1	79	2016-04-20 21:16:21	01010000002CBCCB457C672240AE47E17A14BE4640	t
129	1	68	2016-04-21 20:27:52	0101000000DFC325C79D02234017D9CEF753934740	t
130	1	80	2016-04-21 22:51:43	010100000019C5724BAB212140014D840D4FF74640	t
131	1	81	2016-04-21 22:59:54	010100000072F90FE9B70F214001DE02098AF74640	t
132	1	82	2016-04-21 23:09:02	010100000071033E3F8C4021405A643BDF4FDD4640	t
133	1	82	2016-04-21 23:09:45	0101000000C6F99B50884021405A643BDF4FDD4640	t
134	1	82	2016-04-21 23:10:38	0101000000545227A0894021405A643BDF4FDD4640	t
135	1	83	2016-04-21 23:16:43	0101000000AB9509BFD4EF1C401B2FDD2406914740	t
136	1	84	2016-04-21 23:21:49	0101000000894160E5D0021D40D3DEE00B93914740	t
137	1	85	2016-04-21 23:27:13	0101000000605969520A1A2140D656EC2FBBDF4640	t
138	1	86	2016-04-25 23:01:15	0101000000884B8E3BA5831D40D044D8F0F4A24740	t
139	1	87	2016-04-25 23:05:11	010100000075ABE7A4F77D2040F0A7C64B37714740	t
140	1	87	2016-04-25 23:06:01	0101000000CBDB114E0B7E20408C4AEA0434714740	t
141	1	87	2016-04-25 23:06:35	010100000020B58993FB7D20408C4AEA0434714740	t
142	1	88	2016-04-25 23:11:21	0101000000462575029A3823402497FF907EB34740	t
143	1	89	2016-04-25 23:16:53	010100000029E8F692C698214077BE9F1A2F3D4740	t
144	1	90	2016-04-25 23:21:22	010100000009FEB7921D9B204071AC8BDB68404740	t
145	1	91	2016-04-25 23:25:26	0101000000EAB298D87CFC1C400DE02D90A0904740	t
146	1	92	2016-04-25 23:34:16	0101000000FED478E926511B4085EB51B81E8D4740	t
147	1	33	2016-04-29 20:12:49	010100000040FB9122320C224029CB10C7BA184740	t
148	1	33	2016-04-29 20:27:59	0101000000795DBF60370C2240F085C954C1184740	t
149	1	93	2016-05-03 21:18:15	0101000000E42CEC69870F2340CCEEC9C3426D4740	t
150	1	94	2016-05-08 00:05:39	0101000000034356B77A9E204030BB270F0BBD4740	t
151	1	95	2016-05-09 19:28:11	0101000000BEC117265325234064CC5D4BC8774740	t
152	1	95	2016-05-09 20:31:56	01010000006B48DC63E9232340D734EF3845774740	t
153	1	96	2016-05-10 13:11:58	0101000000C58F31772D412440560E2DB29D174740	t
154	1	97	2016-05-12 23:43:46	01010000006E4C4F58E2112340DB8AFD65F76C4740	t
155	1	97	2016-05-12 23:44:19	010100000036EA211ADD112340DB8AFD65F76C4740	t
156	1	97	2016-05-12 23:45:01	0101000000FD87F4DBD71123403EE8D9ACFA6C4740	t
157	1	97	2016-05-12 23:45:43	01010000008BFD65F7E4112340DB8AFD65F76C4740	t
158	1	97	2016-05-12 23:46:15	0101000000191C25AFCE112340772D211FF46C4740	t
159	1	97	2016-05-12 23:47:16	0101000000E0D6DD3CD51123403EE8D9ACFA6C4740	t
160	1	98	2016-05-13 10:10:58	010100000013D55B035B051D40B7627FD93D914740	t
161	1	99	2016-05-13 12:37:50	0101000000D13FC1C58A8A204073D712F241874740	t
162	1	100	2016-05-13 12:44:02	01010000001BD82AC1E2101E40D044D8F0F49A4740	t
163	1	101	2016-05-16 21:54:04	0101000000834C327216862140E9482EFF21154740	t
164	1	102	2016-05-18 18:20:57	0101000000B05582C5E10C23405C2041F1636C4740	t
165	1	103	2016-05-19 10:35:34	0101000000FAB31F2922A31A401895D409686A4740	t
166	1	104	2016-05-19 21:50:00	01010000009A081B9E5E290A40FBCBEEC9C36A4940	t
167	1	105	2016-05-19 21:55:38	0101000000355EBA490C421B40F90FE9B7AF8B4740	t
168	1	106	2016-05-19 22:27:40	0101000000F67AF7C77B2521409C33A2B437F84640	t
169	1	106	2016-05-19 22:29:49	0101000000F6B4C35F932521409C33A2B437F84640	t
170	1	107	2016-05-20 08:14:48	0101000000A69BC420B07224403108AC1C5AF44540	t
171	1	108	2016-05-22 21:03:48	0101000000F931E6AE25042540091B9E5E29EB4540	t
172	1	109	2016-05-22 21:16:51	0101000000B6847CD0B3D924402497FF907EDB4540	t
173	1	109	2016-05-22 21:22:14	0101000000B6847CD0B3D92440C139234A7BDB4540	t
174	1	110	2016-05-22 21:27:30	01010000004F1E166A4D7324407B14AE47E1FA4540	t
175	1	110	2016-05-22 21:30:06	0101000000DE9387855A7324407B14AE47E1FA4540	t
176	1	111	2016-05-22 21:45:32	0101000000CD3B4ED191BC2640A4703D0AD7434640	t
177	1	112	2016-05-23 14:00:10	01010000001BBB44F5D6F02240226C787AA5B44740	t
178	1	113	2016-05-23 16:06:23	0101000000A01A2FDD246624403E7958A835FD4540	t
179	1	114	2016-05-23 17:27:10	01010000009ED2C1FA3FF72340A60A462575C24640	t
180	2	115	2016-05-23 19:46:38	0101000000E275FD82DDB0F4BFC217265305E34540	t
181	1	116	2016-05-23 22:47:36	0101000000A11001875065074023DBF97E6A9C4940	t
182	1	117	2016-05-23 22:56:24	01010000000DA661F888F81140091B9E5E29834940	t
183	1	117	2016-05-23 22:57:45	0101000000D50968226CF81140DE02098A1F834940	t
184	1	118	2016-05-23 23:01:11	01010000003EB324404DAD11401283C0CAA19D4940	t
185	1	119	2016-05-23 23:04:52	0101000000D9EBDD1FEFF510408351499D805E4940	t
186	1	119	2016-05-23 23:05:35	0101000000A01518B2BAF510401FF46C567D5E4940	t
187	1	120	2016-05-24 20:24:32	01010000004B598638D62523406891ED7C3F7D4740	t
188	1	120	2016-05-24 20:24:51	01010000004B598638D62523406891ED7C3F7D4740	t
189	1	121	2016-05-29 18:29:29	0101000000077C7E18211C214010E9B7AF03F74640	t
190	1	122	2016-05-30 23:04:00	0101000000B70BCD751AB92240D9CEF753E3B54740	t
191	1	122	2016-05-30 23:05:07	01010000000C022B8716B922403D2CD49AE6B54740	t
192	1	123	2016-05-31 11:36:30	0101000000187D0569C60221401904560E2DB24740	t
193	1	123	2016-05-31 11:38:33	0101000000DE54A4C2D80221401904560E2DB24740	t
194	1	124	2016-06-03 10:04:02	0101000000A913D044D8702440273108AC1CC24640	t
195	2	125	2016-06-03 15:50:16	01010000001349F4328A2508C0A167B3EA73AD4540	t
196	2	125	2016-06-03 15:53:28	0101000000F7E978CC402508C0A167B3EA73AD4540	t
197	1	126	2016-06-06 11:39:31	01010000007B14AE47E19A5EC035EF384547E24240	t
198	1	127	2016-06-06 13:02:35	01010000000DE02D90A00854C01B9E5E29CBD03940	t
199	1	127	2016-06-06 13:04:28	01010000000DE02D90A00854C0C66D3480B7D03940	t
200	1	127	2016-06-06 13:06:12	01010000000DE02D90A00854C01B9E5E29CBD03940	t
201	1	128	2016-06-06 13:10:37	0101000000BD5296218E0D54C0DB8AFD65F7D43940	t
202	1	128	2016-06-06 13:15:33	0101000000D3DEE00B930D54C0A245B6F3FDD43940	t
203	1	129	2016-06-06 13:19:10	01010000009487855AD31454C063EE5A423EE83940	t
204	1	130	2016-06-06 13:23:35	01010000006519E258171354C0E3361AC05BF03940	t
205	1	130	2016-06-06 13:25:16	01010000006519E258171354C0AAF1D24D62F03940	t
206	1	131	2016-06-06 14:23:11	0101000000401361C3D31754C0FD87F4DBD7B13940	t
207	1	131	2016-06-06 14:52:05	01010000009D11A5BDC11754C06F1283C0CAB13940	t
208	1	131	2016-06-06 14:53:23	0101000000B29DEFA7C61754C019E25817B7B13940	t
209	1	132	2016-06-06 16:35:52	0101000000868F8829918420408D28ED0DBE084740	t
210	1	133	2016-06-06 17:09:06	0101000000462575029A8052C0569FABADD85F4440	t
211	1	133	2016-06-06 17:09:45	0101000000F853E3A59B8052C08FE4F21FD25F4440	t
212	1	133	2016-06-06 17:10:40	0101000000AA8251499D8052C0F241CF66D55F4440	t
213	1	133	2016-06-06 17:11:31	0101000000462575029A8052C08FE4F21FD25F4440	t
214	1	133	2016-06-06 17:12:21	0101000000462575029A8052C0F241CF66D55F4440	t
215	1	134	2016-06-09 23:40:38	010100000043908312661A1D40D5E76A2BF68F4740	t
216	1	134	2016-06-09 23:42:07	01010000002619390B7B1A1D40D5E76A2BF68F4740	t
217	1	135	2016-06-09 23:44:47	0101000000E292E34EE9202140BBB88D06F0F64640	t
218	1	136	2016-06-09 23:45:42	0101000000BB0A293FA9161D40B537F8C264924740	t
219	1	137	2016-06-15 21:30:35	0101000000B9C7D2872EE821401B2FDD2406014740	t
220	1	138	2016-06-15 21:32:22	0101000000FEB7921D1B211D4009F9A067B3924740	t
221	1	139	2016-06-15 21:36:47	0101000000130A11700825214000917EFB3AF84640	t
222	1	140	2016-06-15 21:38:19	01010000002EAD86C43D2621408048BF7D1DF84640	t
223	1	141	2016-06-16 07:54:10	01010000009CA223B9FC9720408C4AEA0434114740	t
224	1	142	2016-06-16 20:34:46	0101000000EC12D55B03DB2140F853E3A59BFC4640	t
225	1	143	2016-06-21 17:08:01	0101000000E4839ECDAAAF24408BFD65F7E4E14540	t
226	1	144	2016-06-21 22:35:03	01010000003108AC1C5A242140637FD93D79F84640	t
227	1	145	2016-06-21 22:38:13	01010000009D853DEDF0F71C407FFB3A70CE904740	t
228	1	146	2016-06-21 22:44:31	01010000004243FF04174B1D4022FDF675E08C4740	t
229	1	147	2016-06-21 22:46:32	01010000006FF59CF4BEB11C401B0DE02D90984740	t
230	1	148	2016-06-21 22:48:35	0101000000EE5A423EE8192140006F8104C5DF4640	t
231	1	149	2016-06-22 08:43:30	0101000000F775E09C11F52240A835CD3B4EA94940	t
232	2	150	2016-06-22 12:50:22	0101000000A8C64B3789012A4014D044D8F0EC4540	t
233	1	151	2016-06-23 16:06:29	0101000000DA1B7C6132D52C40A301BC05120C4940	t
234	1	151	2016-06-23 16:08:01	0101000000BE30992A18D52C406ABC7493180C4940	t
235	1	152	2016-06-23 16:12:11	0101000000A245B6F3FDD42C40CE1951DA1B0C4940	t
236	1	152	2016-06-23 16:17:30	010100000031992A1895D42C40F931E6AE250C4940	t
237	1	153	2016-07-16 13:10:57	0101000000ED815660C85A214058CA32C4B10E4940	t
238	1	154	2016-07-16 13:57:48	0101000000ED815660C85A214058CA32C4B10E4940	t
239	1	154	2016-07-16 13:58:16	0101000000B936548CF3572140E5D022DBF90E4940	t
240	1	155	2016-07-16 14:16:52	0101000000919BE1067C4E2140AC1C5A643B0F4940	t
241	1	155	2016-07-16 14:18:06	0101000000CAE02879754E2140107A36AB3E0F4940	t
242	1	155	2016-07-16 14:29:49	010100000075B0FECF614E2140ACADD85F760F4940	t
243	1	155	2016-07-16 14:30:52	0101000000E71DA7E8484E2140F31FD26F5F0F4940	t
244	1	156	2016-07-16 15:27:14	010100000072F90FE9B74F21402063EE5A420E4940	t
245	1	157	2016-07-16 16:15:12	01010000008109DCBA9B472140787AA52C430C4940	t
246	1	157	2016-07-16 16:15:59	0101000000F33CB83B6B472140787AA52C430C4940	t
247	1	157	2016-07-16 16:16:50	0101000000F33CB83B6B472140787AA52C430C4940	t
248	1	158	2016-07-16 19:56:01	0101000000983446EBA86A2140A089B0E1E90D4940	t
249	1	158	2016-07-16 19:57:04	0101000000983446EBA86A2140A089B0E1E90D4940	t
250	1	158	2016-07-16 19:57:44	0101000000983446EBA86A2140A089B0E1E90D4940	t
251	1	159	2016-07-17 15:17:11	0101000000A1F31ABB44F522400C93A98251A94940	t
252	1	159	2016-07-17 15:17:39	0101000000A1F31ABB44F522400C93A98251A94940	t
253	1	159	2016-07-17 15:18:17	0101000000A1F31ABB44F522400C93A98251A94940	t
254	1	149	2016-07-17 15:21:27	0101000000A1F31ABB44F522400C93A98251A94940	t
255	1	160	2016-07-18 09:36:30	01010000004CA60A4625E52340F90FE9B7AF334840	t
256	1	160	2016-07-18 09:37:56	01010000004CA60A4625E52340F90FE9B7AF334840	t
257	1	160	2016-07-18 10:21:55	01010000004CA60A4625E52340F90FE9B7AF334840	t
258	1	160	2016-07-18 10:22:24	01010000004CA60A4625E52340F90FE9B7AF334840	t
259	1	161	2016-07-26 09:37:03	01010000009487855AD3BC2740B0726891ED944740	t
260	1	162	2016-07-26 09:44:35	01010000008CDB68006F811840A835CD3B4E814640	t
261	2	163	2016-08-03 09:21:27	0101000000BE9F1A2FDDBC5EC0744694F6060F4940	t
262	2	163	2016-08-03 09:22:50	0101000000BE9F1A2FDDBC5EC0744694F6060F4940	t
263	1	164	2016-08-03 18:26:20	0101000000B476DB85E69A224080B74082E28F4740	t
264	1	164	2016-08-03 18:26:44	0101000000252367614F9B22404772F90FE98F4740	t
265	1	165	2016-08-16 19:26:56	010100000038A11001870023402A3A92CB7F884740	t
266	1	165	2016-08-16 19:27:30	010100000038A11001870023402A3A92CB7F884740	t
267	1	166	2016-08-16 20:29:34	010100000023F8DF4A760C2340D578E92631904740	t
268	2	167	2016-08-23 07:34:28	01010000006F1283C0CAC95CC058CA32C4B11E4240	t
269	2	167	2016-08-23 07:42:17	010100000060E5D022DBC95CC0BB270F0BB51E4240	t
270	1	169	2016-08-27 10:55:35	0101000000EC4CA1F31ACB22408195438B6C674740	t
271	2	169	2016-08-27 10:57:46	0101000000780B24287E4C2240E9B7AF03E7DC4640	t
272	2	169	2016-08-27 10:58:38	0101000000B1506B9A774C2240865AD3BCE3DC4640	t
273	2	170	2016-08-27 11:11:59	0101000000376C5B94D94022407593180456DE4640	t
274	2	170	2016-08-27 11:12:28	0101000000543A58FFE7402240D8F0F44A59DE4640	t
275	1	170	2016-08-27 11:13:12	01010000008D9C853DED402240D8F0F44A59DE4640	t
276	1	171	2016-08-30 20:17:48	01010000001990BDDEFD1123403108AC1C5A6C4740	t
277	1	171	2016-08-30 20:18:16	01010000008BE07F2BD9112340956588635D6C4740	t
278	1	171	2016-08-30 20:18:41	01010000006E861BF0F91123403108AC1C5A6C4740	t
279	1	87	2016-09-03 17:01:21	01010000005917B7D1007E20409A779CA223714740	t
280	1	172	2016-09-14 08:12:37	010100000076E09C11A5FD2A40B0726891EDBC4540	t
281	1	172	2016-09-14 08:17:56	010100000004560E2DB2FD2A40B0726891EDBC4540	t
282	1	173	2016-09-22 19:06:33	0101000000711B0DE02D002340C6DCB5847C884740	t
283	1	173	2016-09-22 19:07:14	0101000000556AF6402B002340C6DCB5847C884740	t
284	1	174	2016-09-30 13:24:42	01010000005C1B2AC6F96B2240068195438BD44640	t
285	2	175	2016-10-01 22:21:54	0101000000B8019F1F4688184076E09C11A5CD4840	t
286	2	175	2016-10-01 22:22:50	01010000006362F3716D88184076E09C11A5CD4840	t
287	1	176	2016-10-25 17:23:58	01010000002041F163CC9D1C40F46C567DAE664740	t
288	1	177	2016-10-26 08:41:51	0101000000E7C6F484259E1C4002BC051214674740	t
289	1	178	2016-10-26 09:00:45	010100000053910A630BA11C40E5F21FD26F674740	t
290	1	179	2016-10-26 10:57:29	010100000094C151F2EA9C1C40022B8716D9664740	t
291	1	179	2016-10-26 10:57:55	0101000000B0FECF61BE9C1C409FCDAACFD5664740	t
292	1	179	2016-10-26 10:58:14	01010000005BD3BCE3149D1C403B70CE88D2664740	t
293	1	180	2016-10-27 15:29:00	010100000060AB048BC3791C40E09C11A5BD114740	t
294	1	180	2016-10-27 15:29:26	010100000060AB048BC3791C40E09C11A5BD114740	t
295	1	181	2016-10-30 11:46:15	010100000051A5660FB402204019E25817B7294740	t
296	1	181	2016-10-30 11:47:04	010100000034F44F70B1022040B6847CD0B3294740	t
297	1	182	2016-11-05 15:32:10	0101000000DC4603780BC41D40EE5A423EE8794740	t
298	1	182	2016-11-05 15:32:45	0101000000B537F8C264CA1D40D26F5F07CE794740	t
299	1	74	2016-11-16 14:25:19	0101000000EA3E00A94DDC214010E9B7AF032F4740	t
305	2	183	2016-11-30 09:12:11	010100000043E21E4B1F7A20C03F575BB1BF8C4240	t
306	1	184	2016-12-27 18:00:38	0101000000AB09A2EE037021402C6519E258BF4740	t
307	1	184	2016-12-27 18:01:16	0101000000001DE6CB0B702140F31FD26F5FBF4740	t
308	1	184	2016-12-27 18:01:52	0101000000C79DD2C1FA6F2140F31FD26F5FBF4740	t
309	1	184	2016-12-27 18:02:19	0101000000C7116BF1297021408195438B6CBF4740	t
310	1	185	2016-12-27 18:04:22	0101000000C7116BF1297021408195438B6CBF4740	t
311	1	185	2016-12-27 18:05:16	0101000000E3A59BC420702140BADA8AFD65BF4740	t
312	1	186	2017-01-03 13:34:50	01010000004A7B832F4C4622C07B832F4CA65A4340	t
313	1	186	2017-01-03 13:35:22	01010000002EE7525C554622C07B832F4CA65A4340	t
314	1	187	2017-03-01 15:13:05	0101000000CFA0A17F828B2140789CA223B9144740	t
315	1	187	2017-03-01 15:14:04	0101000000B3D2A414748B2140789CA223B9144740	t
316	1	188	2017-12-30 12:17:18	0101000000F3716DA818272240B22E6EA301844740	t
317	1	189	2017-12-30 12:32:22	010100000099BB96900F9A204068226C787ABD4740	t
318	1	189	2017-12-30 12:33:37	0101000000EE42739D469A2040A167B3EA73BD4740	t
319	1	189	2017-12-30 15:08:20	0101000000EE42739D469A2040A167B3EA73BD4740	t
320	2	190	2017-12-30 19:20:16	0101000000200C3CF71EAE0B40FB5C6DC5FEDA4340	t
321	2	191	2017-12-30 19:45:43	010100000055A4C2D842D006405917B7D100BE4340	t
322	2	192	2017-12-30 19:52:39	0101000000BEBC00FBE8140640BADA8AFD65BF4340	t
323	2	193	2017-12-30 19:54:32	01010000002CF180B229170A4012143FC6DCB54340	t
324	2	194	2017-12-30 19:57:44	0101000000520FD1E80EA20940613255302AC94340	t
325	2	195	2017-12-30 20:03:31	01010000001AA88C7F9FB10940545227A089C84340	t
326	2	196	2017-12-30 20:07:13	01010000009D2E8B89CD070640D42B6519E2C04340	t
327	2	197	2017-12-30 20:13:07	010100000058C51B9947FE05408195438B6CCF4340	t
328	2	198	2017-12-30 20:22:26	0101000000E6965643E21E054054742497FFC84340	t
329	2	199	2017-12-30 20:25:08	01010000001D7233DC804F0740F8C264AA60DC4340	t
330	2	200	2017-12-30 20:39:03	01010000002159C0046E1D0540A52C431CEBCA4340	t
331	2	201	2017-12-30 20:43:49	0101000000EE42739D461A09404F401361C3BB4340	t
332	2	202	2018-01-03 12:43:40	0101000000BDC458A65F22DFBF304CA60A462D4340	t
333	2	203	2018-01-04 08:59:44	0101000000448655BC91390740B1E1E995B2DC4340	t
334	2	204	2018-01-04 11:58:56	0101000000ECBE6378EC67DFBF3255302AA92B4340	t
335	2	204	2018-01-04 11:59:59	0101000000D5B2B5BE4868DFBF3255302AA92B4340	t
336	2	205	2018-01-04 16:31:34	0101000000E9995E622C53E2BF19E25817B7194340	t
337	1	111	2018-01-04 21:23:04	01010000003EE8D9ACFABC264032E6AE25E4434640	t
338	1	206	2018-01-04 21:25:38	0101000000F7E978CC40251A40F2B0506B9A9F4540	t
339	2	207	2018-01-04 21:28:12	01010000008716D9CEF79318401E166A4DF38E4540	t
340	1	207	2018-01-04 21:28:51	0101000000DDB5847CD09318401E166A4DF38E4540	t
341	2	208	2018-01-04 21:42:50	01010000007BF7C77BD5CA194005A3923A01C54540	t
342	1	208	2018-01-04 21:43:31	01010000007BBDFBE3BDCA194069006F8104C54540	t
343	2	189	2018-01-06 06:56:42	0101000000B58993FB1D9A2040F697DD9387BD4740	t
344	1	209	2018-01-06 15:40:08	0101000000C269C18BBE020540D50968226CC84340	t
345	1	200	2018-01-06 17:22:57	0101000000E8DEC325C71D0540A52C431CEBCA4340	t
346	1	200	2018-01-06 17:24:15	01010000003DB83B6BB71D054042CF66D5E7CA4340	t
347	1	198	2018-01-12 19:40:09	010100000001DE02098A1F0540A9A44E4013C94340	t
348	1	210	2018-01-12 19:43:25	0101000000A0A696ADF5050540A54E401361CB4340	t
349	1	210	2018-01-12 19:44:02	0101000000F60B76C3B605054041F163CC5DCB4340	t
350	1	211	2018-01-12 19:44:47	01010000000F7F4DD6A8070540ECC039234ACB4340	t
351	1	211	2018-01-12 19:45:14	01010000009D2E8B89CD07054088635DDC46CB4340	t
352	1	212	2018-01-12 19:46:32	01010000006397A8DE1AD803406F1283C0CAC14340	t
353	1	213	2018-01-12 19:47:33	0101000000381092054CE00340B537F8C264C24340	t
354	1	214	2018-01-12 19:48:19	0101000000B8921D1B81F80340C286A757CAC24340	t
355	1	215	2018-01-12 19:49:38	0101000000642310AFEB17034004560E2DB2C54340	t
356	1	213	2018-01-12 19:50:39	010100000027A089B0E1E903403411363CBDC24340	t
357	1	213	2018-01-12 19:51:20	0101000000A29C685721E50340C3F5285C8FC24340	t
358	1	216	2018-01-12 19:52:25	010100000096CFF23CB8BB0340280F0BB5A6C14340	t
359	1	216	2018-01-12 19:52:59	010100000096CFF23CB8BB0340280F0BB5A6C14340	t
360	1	217	2018-01-12 19:56:34	01010000009BC937DBDC5804402497FF907EC34340	t
361	1	217	2018-01-12 19:57:08	0101000000F0A2AF20CD5804402497FF907EC34340	t
362	1	218	2018-01-12 19:59:48	01010000004BC8073D9BD5084071AC8BDB68E84340	t
363	1	218	2018-01-12 20:00:58	0101000000BD8C62B9A5D50840AAF1D24D62E84340	t
364	1	218	2018-01-12 20:01:24	0101000000D72FD80DDBD60840F163CC5D4BE84340	t
365	1	218	2018-01-12 20:01:54	0101000000D97745F0BFD50840E3361AC05BE84340	t
366	1	219	2018-01-12 20:03:26	0101000000D3307C444C090940789CA223B9EC4340	t
367	1	219	2018-01-12 20:03:56	01010000000C0742B280090940789CA223B9EC4340	t
368	1	219	2018-01-12 20:04:27	010100000044DD0720B5090940789CA223B9EC4340	t
369	1	197	2018-01-12 20:05:27	01010000003BC269C18BFE05408195438B6CCF4340	t
370	1	197	2018-01-12 20:05:58	010100000058AD4CF8A5FE05401D38674469CF4340	t
371	1	196	2018-01-12 20:06:43	0101000000F14BFDBCA9080640A913D044D8C04340	t
372	1	196	2018-01-12 20:07:20	01010000007F87A2409F0806400D71AC8BDBC04340	t
373	1	220	2018-01-12 20:08:55	0101000000D9EBDD1FEFD50540A4703D0AD7C34340	t
374	1	220	2018-01-12 20:09:28	0101000000A0FD481119D60540A4703D0AD7C34340	t
375	1	221	2018-01-12 20:17:26	01010000008B321B6492510740A3923A014DDC4340	t
376	1	221	2018-01-12 20:18:01	01010000007077D66EBB50074007F0164850DC4340	t
377	1	199	2018-01-12 20:18:30	0101000000E40F069E7B4F0740CEAACFD556DC4340	t
378	1	199	2018-01-12 20:20:00	010100000072BF4351A04F0740956588635DDC4340	t
379	1	199	2018-01-12 20:20:34	01010000003B8DB454DE4E0740F8C264AA60DC4340	t
380	1	199	2018-01-12 20:22:07	010100000090662C9ACE4E0740F8C264AA60DC4340	t
381	1	203	2018-01-12 20:22:48	0101000000289B7285773907404D840D4FAFDC4340	t
382	1	222	2018-01-12 20:24:57	0101000000F949B54FC7230840DE718A8EE4E24340	t
383	1	222	2018-01-12 20:25:23	010100000088855AD3BC230840DE718A8EE4E24340	t
384	1	222	2018-01-12 20:26:01	0101000000A4703D0AD7230840DE718A8EE4E24340	t
385	1	192	2018-01-16 08:58:19	0101000000FCDEA63FFB1106403A234A7B83BF4340	t
386	2	223	2018-02-08 13:44:34	0101000000DB8AFD65F7B4224017B7D100DED24640	t
387	1	224	2019-04-18 18:37:50	0101000000386744696FB02540508D976E12F34640	t
388	2	225	2019-04-18 18:42:25	01010000007F130A1170C82340401361C3D3CB4640	t
389	2	226	2019-04-18 18:45:41	01010000006AFB57569A442340D50968226CD84640	t
390	2	227	2019-04-18 18:55:19	0101000000265305A3921A25406D567DAEB6BA4640	t
391	2	228	2019-04-18 19:00:28	01010000002575029A083B2640F46C567DAE064740	t
392	2	228	2019-04-18 19:01:19	010100000097FF907EFB3A2640F46C567DAE064740	t
393	2	228	2019-04-18 19:02:56	01010000002575029A083B2640F46C567DAE064740	t
394	2	228	2019-04-19 08:32:29	0101000000B3EA73B5153B2640910F7A36AB064740	t
395	1	228	2019-04-19 08:33:23	01010000002575029A083B2640F46C567DAE064740	t
396	1	229	2019-04-20 13:09:17	01010000005BD3BCE314FD2540E17A14AE47094740	t
397	1	229	2019-04-20 13:09:55	0101000000CBA145B6F3FD2540280F0BB5A6094740	t
398	1	224	2019-04-20 15:18:58	0101000000E3C798BB96B02540B3EA73B515F34640	t
399	1	224	2019-04-20 15:19:47	0101000000AAF1D24D62B02540508D976E12F34640	t
400	1	230	2019-05-30 12:27:51	010100000058AD4CF8A57E0340AED85F764FC64440	t
401	1	230	2019-05-30 12:53:41	0101000000ACE28DCC237F0340D8F0F44A59C64440	t
402	1	231	2019-05-31 10:57:07	010100000027A089B0E1E9D6BFDE718A8EE4BA4340	t
403	1	231	2019-05-31 10:58:34	0101000000AB984A3FE1ECD6BFA52C431CEBBA4340	t
404	1	231	2019-05-31 10:59:00	0101000000D8800871E5ECD6BF098A1F63EEBA4340	t
405	1	232	2019-06-02 14:27:58	010100000047382D78D19714C01CEBE2361A604240	t
406	1	205	2019-06-08 16:15:26	01010000008DEE2076A650E2BF0BB5A679C7194340	t
407	1	233	2019-06-12 10:47:10	010100000067F2CD3637260840A2B437F8C2744540	t
408	1	233	2019-06-12 10:47:42	01010000002E90A0F831260840A2B437F8C2744540	t
\.


--
-- Data for Name: spots_picture_user; Type: TABLE DATA; Schema: public; Owner: postgres
--

COPY public.spots_picture_user (spots_picture_id, user_id) FROM stdin;
267	2
269	1
270	2
275	1
275	2
278	1
278	2
280	1
281	1
283	2
284	1
285	2
286	1
286	2
297	1
305	2
\.


--
-- Data for Name: spots_spot; Type: TABLE DATA; Schema: public; Owner: postgres
--

COPY public.spots_spot (id, user_id, created, modified, name, description, score, picture1_id, picture2_id, "position", secretspot) FROM stdin;
1	1	2014-10-29 20:59:38	2014-10-29 20:59:38	Red coping ramp	Domi's mini	1	1	21	0101000000A6D1EE7D973F2140C5025FD1AD434740	t
2	1	2014-11-03 20:00:42	2014-11-03 20:00:42	Skatepark Leventina	Park	0	84	83	01010000009869FB57567A214090A0F831E63E4740	f
3	1	2014-11-19 20:39:21	2014-11-19 20:39:21	Skatepark Vigevano	Park	0	26	3	01010000007F130A1170B82140107A36AB3EA74640	f
4	1	2014-11-19 21:05:12	2014-11-19 21:05:12	Hotel Des Alpes	6 Stairs	0	4	4	0101000000F3C81F0C3C3721402BF697DD93434740	f
5	1	2014-11-19 21:33:33	2014-11-19 21:33:33	Loud Minority Skatepark	Indoor wood park	0	5	5	01010000002D95B7239CF61C4070CE88D2DE904740	f
6	1	2014-12-30 15:59:35	2014-12-30 15:59:35	Skatepark Baden	Beton skatepark	0	6	6	01010000006CEC12D55B93204009F9A067B3BA4740	f
7	1	2014-12-30 16:29:18	2014-12-30 16:29:18	Skatepark Lugano	Street area and Bowl	0	74	73	01010000005D0F30E052EB2140D044D8F0F4024740	f
8	1	2015-01-12 22:29:14	2015-01-12 22:29:14	Snakerun		0	29	8	010100000033A7CB62620B2340E10B93A9826D4740	f
9	1	2015-01-13 22:13:55	2015-01-13 22:13:55	Skatehalle Karlsruhe	Price 5â‚¬	0	9	9	010100000013B875374FB52040FB3A70CE88824840	f
10	1	2015-01-20 19:11:22	2015-01-20 19:11:22	Freestyle Academy Laax		0	10	10	01010000000F45813E91872240C66D3480B7684740	f
11	1	2015-01-21 23:03:33	2015-01-21 23:03:33	Gare des marchandises		0	11	11	0101000000B9C7D2872E081D4060E5D022DB914740	f
12	1	2015-01-31 17:06:30	2015-01-31 17:06:30	Skatehalle Wiesbaden		0	12	12	010100000002BC0512147F2040FF21FDF675084940	f
13	1	2015-03-08 11:47:39	2015-03-08 11:47:39	Gap parcheggio Tatti		0	13	13	010100000080608E1EBF072240B81E85EB51184740	f
14	1	2015-03-11 22:59:00	2015-03-11 22:59:00	Miniramp		0	14	14	010100000029965B5A0D891340AEB6627FD92D4A40	f
15	1	2015-03-16 23:07:30	2015-03-16 23:07:30	Portland		0	35	15	010100000029B3412619591E404A7B832F4CCA4740	f
16	1	2015-03-17 21:12:14	2015-03-17 21:12:14	Slappy paradise		0	16	16	010100000076543541D49D20404CA60A4625BD4740	f
17	1	2015-03-17 21:57:23	2015-03-17 21:57:23	Rail bastardo		0	17	17	0101000000713D0AD7A3C85EC0992A1895D4A94840	f
18	1	2015-03-17 22:19:24	2015-03-17 22:19:24	Skatepark Hitzkirch		0	18	18	010100000087A757CA328420405BD3BCE3149D4740	f
19	1	2015-03-18 18:37:18	2015-03-18 18:37:18	Skatepark Bad Ragaz		0	19	19	0101000000B3B6291E17FD22401BBE8575E3814740	f
20	1	2015-03-19 17:46:27	2015-03-19 17:46:27	Gleis D		0	20	20	01010000005778978BF80E2340AF946588636D4740	f
21	1	2015-04-07 19:32:36	2015-04-07 19:32:36	Theater Platz		0	116	78	0101000000DB148F8B6A1123403E05C078066D4740	f
22	1	2015-04-08 19:09:03	2015-04-08 19:09:03	Skatepark Wangs		0	24	24	010100000005C58F3177DD2240CDCCCCCCCC844740	f
23	1	2015-04-10 16:04:37	2015-04-10 16:04:37	Rail		0	25	25	0101000000494BE5ED088722409BE61DA7E8684740	f
24	1	2015-04-15 19:31:39	2015-04-15 19:31:39	Wallride Brücke		0	28	27	0101000000B0389CF9D50C2340865AD3BCE36C4740	f
25	1	2015-04-15 19:58:23	2015-04-15 19:58:23	Gewerbliche Berufsschule		0	31	30	0101000000B1E1E995B20C23405AF5B9DA8A6D4740	f
26	1	2015-04-15 20:07:08	2015-04-15 20:07:08	Spielplatz Bumbs		0	32	32	0101000000191C25AFCE112340B003E78C286D4740	f
27	1	2015-04-15 20:11:15	2015-04-15 20:11:15	Rail up		0	33	33	0101000000AB048BC3990F2340DBF97E6ABC6C4740	f
28	1	2015-05-05 21:36:04	2015-05-05 21:36:04	Pumpwerk		0	37	36	01010000002EFF21FDF6751E407DAEB6627FC94740	f
29	1	2015-05-26 22:50:08	2015-05-26 22:50:08	Trafo		0	38	38	01010000006FB88FDC9A9C2040D0F23CB83BBD4740	f
30	1	2015-05-27 17:34:44	2015-05-27 17:34:44	Mini handrail		0	39	39	01010000005EA27A6B601B2340CFF753E3A57B4740	f
31	1	2015-05-28 09:49:04	2015-05-28 09:49:04	Bahnhoff St. Johann		0	40	40	0101000000B41F2922C34A1E40B7D100DE02C94740	f
32	1	2015-06-01 19:34:25	2015-06-01 19:34:25	Ledge		0	41	41	010100000004ADC090D50D23406891ED7C3F6D4740	f
33	1	2015-06-05 11:55:33	2015-06-05 11:55:33	Piazza del Sole		0	148	147	010100000063D17476320C22403411363CBD184740	f
34	1	2015-06-05 12:01:49	2015-06-05 12:01:49	7 Scalini Cervia		0	127	43	0101000000A48D23D6E20B22405C2041F163184740	f
35	1	2015-06-05 18:05:17	2015-06-05 18:05:17	Bank		0	44	44	01010000002F8B89CDC715224007F01648501C4740	f
36	1	2015-06-09 19:01:47	2015-06-09 19:01:47	Sportzentrum Prau la Selva		0	46	45	0101000000685C3810928D2240C520B07268694740	f
37	1	2015-06-17 15:35:52	2015-06-17 15:35:52	Viamala big drop		0	47	47	0101000000F645425BCEE52240DD24068195534740	f
38	1	2015-06-19 17:59:13	2015-06-19 17:59:13	Skatepark Ginsheim		0	51	50	01010000009D9D0C8E92A720404D158C4AEAFC4840	f
39	1	2015-06-20 14:21:33	2015-06-20 14:21:33	Universität		0	53	52	0101000000FFE7305F5E5021405DFE43FAEDEF4840	f
40	1	2015-06-20 16:10:36	2015-06-20 16:10:36	Quarter		0	54	54	010100000092E86514CB4D21403A92CB7F48EF4840	f
41	1	2015-06-20 17:10:56	2015-06-20 17:10:56	Handrail		0	55	55	010100000097AE601BF14C21403F90BC7328EF4840	f
42	1	2015-06-20 20:07:32	2015-06-20 20:07:32	Skatepark Bingen		0	58	57	01010000006050BA07FB891F40B107F344FDFB4840	f
43	1	2015-06-21 16:16:50	2015-06-21 16:16:50	Skatepark Landau		0	61	60	01010000008A8EE4F21F422040E4141DC9E5974840	f
44	1	2015-06-30 18:35:51	2015-06-30 18:35:51	Skatepark Feldkirch		0	65	64	01010000007923F3C81F2C23408351499D80A04740	f
45	1	2015-07-13 19:25:58	2015-07-13 19:25:58	Quader Schule		0	67	66	010100000089EAAD81AD122340A1D634EF386D4740	f
46	1	2015-07-20 18:09:13	2015-07-20 18:09:13	Handrail Coop Verteilzentrale		0	68	68	010100000082A8FB00A4062340E8D9ACFA5C6D4740	f
47	1	2015-07-28 17:56:59	2015-07-28 17:56:59	Curb Bonaduz Bahnhof		0	69	69	0101000000240B98C0ADCB22400F9C33A2B4674740	f
48	1	2015-08-27 19:09:23	2015-08-27 19:09:23	Handrail		0	70	70	0101000000A9A44E4013E12240228E75711B854740	f
49	1	2015-08-27 20:01:40	2015-08-27 20:01:40	Lidl		0	71	71	010100000070EB6E9EEAE0224069006F8104854740	f
50	1	2015-08-31 20:13:22	2015-08-31 20:13:22	Rail		0	72	72	0101000000E605D847A70E2340211FF46C566D4740	f
51	1	2015-09-16 14:35:54	2015-09-16 14:35:54	Handrail Manor S. Antonino		0	76	75	0101000000C8073D9B55EF214024B9FC87F4134740	f
52	1	2015-09-24 18:15:23	2015-09-24 18:15:23	Mini jump		0	79	79	010100000002B7EEE6A90E2340B1506B9A776C4740	f
53	1	2015-09-28 18:47:09	2015-09-28 18:47:09	Skatepark Ems		0	107	81	0101000000EBCC3309F1EB2240FB14671F3E6B4740	f
54	1	2015-09-30 09:37:01	2015-09-30 09:37:01	Handrail		0	82	82	0101000000C0266BD443642140C58F31772D414740	f
55	1	2015-10-21 17:26:15	2015-10-21 17:26:15	Don't skate curbs		0	86	85	010100000065A54929E80E2340B0726891ED6C4740	f
56	1	2015-11-22 14:31:31	2015-11-22 14:31:31	Bank con rail		0	88	87	0101000000ABCFD556ECEF2140B0726891ED2C4740	f
57	1	2015-11-22 14:35:59	2015-11-22 14:35:59	Spai		0	90	89	01010000007008556AF6F021400612143FC62C4740	f
58	1	2015-11-22 14:48:28	2015-11-22 14:48:28	Curb posta		0	91	91	01010000007138F3AB39F02140AE47E17A142E4740	f
59	1	2015-11-22 14:59:47	2015-11-22 14:59:47	Double bank		0	92	92	0101000000AAB706B64AF02140E7FBA9F1D22D4740	f
60	1	2015-11-22 15:29:51	2015-11-22 15:29:51	Infocentro Alptransit		0	93	93	010100000020D26F5F07DE2140C976BE9F1A2F4740	f
61	1	2015-11-25 08:18:28	2015-11-25 08:18:28	Manaul pad		0	94	94	01010000008E06F01648F0214067D5E76A2B2E4740	f
62	1	2015-11-28 17:45:44	2015-11-28 17:45:44	Scuole medie		0	99	98	0101000000A3AEB5F7A9BA2140AE47E17A14164740	f
63	1	2015-12-12 14:05:52	2015-12-12 14:05:52	Centro Sportivo Tenero		0	100	100	0101000000C2DD59BBEDB22140F5B9DA8AFD154740	f
64	1	2015-12-17 22:29:44	2015-12-17 22:29:44	10 scalini		0	101	101	01010000007D5C1B2AC6992140A1F831E6AE154740	f
65	1	2015-12-17 23:03:48	2015-12-17 23:03:48	Screamcat		0	102	102	010100000095826E2F69DC2240CE88D2DEE0834740	t
66	1	2015-12-23 14:20:26	2015-12-23 14:20:26	Handrail		0	103	103	0101000000056EDDCD530D22408CB96B09F9184740	f
67	1	2015-12-23 21:28:24	2015-12-23 21:28:24	Ledge		0	104	104	0101000000959F54FB744C2140C976BE9F1AEF4840	f
68	1	2016-03-09 10:10:51	2016-03-09 10:10:51	Skatepark Vaduz		0	129	105	01010000007D259012BB022340677DCA3159934740	f
69	1	2016-04-11 22:13:11	2016-04-11 22:13:11	Megaledge		0	108	108	01010000006B2BF697DD0B54C0849ECDAACFC53940	f
70	1	2016-04-11 22:16:47	2016-04-11 22:16:47	Triangle		0	110	109	0101000000728A8EE4F20B54C0D9CEF753E3C53940	f
71	1	2016-04-11 22:21:38	2016-04-11 22:21:38	Triangle ledges		0	111	111	01010000000E2DB29DEF0B54C012143FC6DCC53940	f
72	1	2016-04-11 22:25:37	2016-04-11 22:25:37	Stair and ledge		0	114	113	01010000008716D9CEF70B54C0BDE3141DC9C53940	f
73	1	2016-04-14 19:09:02	2016-04-14 19:09:02	Kiss miniramp		0	117	117	01010000008BE07F2BD91123408FC2F5285C6F4740	t
74	1	2016-04-17 18:48:17	2016-04-17 18:48:17	Alptransit China Banks		5	299	120	01010000000647C9AB73DC21401E166A4DF32E4740	f
75	1	2016-04-17 19:25:30	2016-04-17 19:25:30	Mini quarter		0	121	121	0101000000361FD7868A1121402C6519E258AF4740	f
76	1	2016-04-18 08:48:45	2016-04-18 08:48:45	Loz Side		0	123	122	010100000015747B4963341A40CD3B4ED191444740	t
77	1	2016-04-18 22:38:13	2016-04-18 22:38:13	Skatepark Heidelberg		0	124	124	01010000000AA2EE03905A21404D840D4FAFB44840	f
78	1	2016-04-20 11:35:12	2016-04-20 11:35:12	Rampa con scalini		0	126	125	0101000000A54E4013610B2240DCD7817346184740	f
79	1	2016-04-20 21:16:21	2016-04-20 21:16:21	Milano Centrale		0	128	128	01010000002CBCCB457C672240AE47E17A14BE4640	f
80	1	2016-04-21 22:51:43	2016-04-21 22:51:43	Bennet manual pad		0	130	130	010100000019C5724BAB212140014D840D4FF74640	f
81	1	2016-04-21 22:59:54	2016-04-21 22:59:54	Beata ledge pop out		0	131	131	010100000072F90FE9B70F214001DE02098AF74640	f
82	1	2016-04-21 23:09:02	2016-04-21 23:09:02	Skatepark Sesto Calende		0	134	133	0101000000C66F00108A4021405A643BDF4FDD4640	f
83	1	2016-04-21 23:16:43	2016-04-21 23:16:43	Bord du lac		0	135	135	0101000000AB9509BFD4EF1C401B2FDD2406914740	f
84	1	2016-04-21 23:21:49	2016-04-21 23:21:49	Panchina cerata		0	136	136	0101000000894160E5D0021D40D3DEE00B93914740	f
85	1	2016-04-21 23:27:13	2016-04-21 23:27:13	Stadio ledges		0	137	137	0101000000605969520A1A2140D656EC2FBBDF4640	f
86	1	2016-04-25 23:01:15	2016-04-25 23:01:15	Miniramp Moutier		0	138	138	0101000000884B8E3BA5831D40D044D8F0F4A24740	f
87	1	2016-04-25 23:05:11	2016-04-25 23:05:11	Skatepark Sarnen		5	279	141	0101000000EE940ED6FF7D204029ED0DBE30714740	f
88	1	2016-04-25 23:11:21	2016-04-25 23:11:21	Skatepark Balgach		0	142	142	0101000000462575029A3823402497FF907EB34740	f
89	1	2016-04-25 23:16:53	2016-04-25 23:16:53	Handrail		0	143	143	010100000029E8F692C698214077BE9F1A2F3D4740	f
90	1	2016-04-25 23:21:22	2016-04-25 23:21:22	Skatepark Ulrichen		0	144	144	010100000009FEB7921D9B204071AC8BDB68404740	f
91	1	2016-04-25 23:25:26	2016-04-25 23:25:26	Gap to bank		0	145	145	0101000000EAB298D87CFC1C400DE02D90A0904740	f
92	1	2016-04-25 23:34:16	2016-04-25 23:34:16	Place le Corbousier		0	146	146	0101000000FED478E926511B4085EB51B81E8D4740	f
93	1	2016-05-03 21:18:15	2016-05-03 21:18:15	Slappy garage		0	149	149	0101000000E42CEC69870F2340CCEEC9C3426D4740	f
94	1	2016-05-08 00:05:39	2016-05-08 00:05:39	Handrail		0	150	150	0101000000034356B77A9E204030BB270F0BBD4740	f
95	1	2016-05-09 19:28:11	2016-05-09 19:28:11	Snakerun Zizers		0	152	151	01010000001405FA449E2423409D8026C286774740	f
96	1	2016-05-10 13:11:58	2016-05-10 13:11:58	Skatepark Stazzona		0	153	153	0101000000C58F31772D412440560E2DB29D174740	f
97	1	2016-05-12 23:43:46	2016-05-12 23:43:46	Rathole		0	159	158	0101000000EEC7F7B2DA112340F0EFCCF1F76C4740	t
98	1	2016-05-13 10:10:58	2016-05-13 10:10:58	Madretsch		0	160	160	010100000013D55B035B051D40B7627FD93D914740	f
99	1	2016-05-13 12:37:50	2016-05-13 12:37:50	Skatepark Littau		0	161	161	0101000000D13FC1C58A8A204073D712F241874740	f
100	1	2016-05-13 12:44:02	2016-05-13 12:44:02	Wildbach benches		0	162	162	01010000001BD82AC1E2101E40D044D8F0F49A4740	f
101	1	2016-05-16 21:54:04	2016-05-16 21:54:04	Ledge della posta		0	163	163	0101000000834C327216862140E9482EFF21154740	f
102	1	2016-05-18 18:20:57	2016-05-18 18:20:57	Stadthalle		0	164	164	0101000000B05582C5E10C23405C2041F1636C4740	f
103	1	2016-05-19 10:35:34	2016-05-19 10:35:34	Double set		0	165	165	0101000000FAB31F2922A31A401895D409686A4740	f
104	1	2016-05-19 21:50:00	2016-05-19 21:50:00	Bowl Kortrijk		0	166	166	01010000009A081B9E5E290A40FBCBEEC9C36A4940	f
105	1	2016-05-19 21:55:38	2016-05-19 21:55:38	Park n'sun		0	167	167	0101000000355EBA490C421B40F90FE9B7AF8B4740	f
106	1	2016-05-19 22:27:40	2016-05-19 22:27:40	Ledge		0	169	168	0101000000F697DD93872521409C33A2B437F84640	f
107	1	2016-05-20 08:14:48	2016-05-20 08:14:48	Skatepark Lido di Camaiore		0	170	170	0101000000A69BC420B07224403108AC1C5AF44540	f
108	1	2016-05-22 21:03:48	2016-05-22 21:03:48	Barriers		0	171	171	0101000000F931E6AE25042540091B9E5E29EB4540	f
109	1	2016-05-22 21:16:51	2016-05-22 21:16:51	Bowl Pisa		0	173	172	0101000000B6847CD0B3D92440736891ED7CDB4540	f
110	1	2016-05-22 21:27:30	2016-05-22 21:27:30	Skatepark Pietrasanta		0	175	174	010100000017D9CEF7537324407B14AE47E1FA4540	f
111	1	2016-05-22 21:45:32	2016-05-22 21:45:32	Elbo		5	337	176	01010000000612143FC6BC26406B2BF697DD434640	f
112	1	2016-05-23 14:00:10	2016-05-23 14:00:10	Bädli d.i.y.		0	177	177	01010000001BBB44F5D6F02240226C787AA5B44740	t
113	1	2016-05-23 16:06:23	2016-05-23 16:06:23	Barriers		0	178	178	0101000000A01A2FDD246624403E7958A835FD4540	t
114	1	2016-05-23 17:27:10	2016-05-23 17:27:10	Creedence d.i.y.		0	179	179	01010000009ED2C1FA3FF72340A60A462575C24640	f
115	2	2016-05-23 19:46:38	2016-05-23 19:46:38	Le petit désolé		0	180	180	0101000000E275FD82DDB0F4BFC217265305E34540	f
116	1	2016-05-23 22:47:36	2016-05-23 22:47:36	Skatepark Oostende		0	181	181	0101000000A11001875065074023DBF97E6A9C4940	f
117	1	2016-05-23 22:56:24	2016-05-23 22:56:24	Skatepark Mechelen		0	183	182	0101000000F1D7648D7AF81140F38E537424834940	f
118	1	2016-05-23 23:01:11	2016-05-23 23:01:11	Bowl Antwerpen		0	184	184	01010000003EB324404DAD11401283C0CAA19D4940	f
119	1	2016-05-23 23:04:52	2016-05-23 23:04:52	Skatepark Halle		0	186	185	0101000000BD00FBE8D4F51040D122DBF97E5E4940	f
120	1	2016-05-24 20:24:32	2016-05-24 20:24:32	Snakerun Malans		0	188	187	01010000004B598638D62523406891ED7C3F7D4740	f
121	1	2016-05-29 18:29:29	2016-05-29 18:29:29	Parcheggio dell'Esselunga		0	189	189	0101000000077C7E18211C214010E9B7AF03F74640	f
122	1	2016-05-30 23:04:00	2016-05-30 23:04:00	Skatepark St. Gallen		0	191	190	0101000000E2067C7E18B922408BFD65F7E4B54740	f
123	1	2016-05-31 11:36:30	2016-05-31 11:36:30	The Beast		0	193	192	0101000000FBE8D495CF0221401904560E2DB24740	f
124	1	2016-06-03 10:04:02	2016-06-03 10:04:02	Railway Skatepark		0	194	194	0101000000A913D044D8702440273108AC1CC24640	f
125	2	2016-06-03 15:50:16	2016-06-03 15:50:16	Skatepark Algorta		0	196	195	01010000008599B67F652508C0A167B3EA73AD4540	f
126	1	2016-06-06 11:39:31	2016-06-06 11:39:31	3 up 3 down		0	197	197	01010000007B14AE47E19A5EC035EF384547E24240	f
127	1	2016-06-06 13:02:35	2016-06-06 13:02:35	Nautilus middle school		0	200	199	01010000000DE02D90A00854C054E3A59BC4D03940	f
128	1	2016-06-06 13:10:37	2016-06-06 13:10:37	MLK Banks		0	202	201	0101000000C898BB96900D54C03EE8D9ACFAD43940	f
129	1	2016-06-06 13:19:10	2016-06-06 13:19:10	Handrails		0	203	203	01010000009487855AD31454C063EE5A423EE83940	f
130	1	2016-06-06 13:23:35	2016-06-06 13:23:35	Ice ledges		0	205	204	01010000006519E258171354C04694F6065FF03940	f
131	1	2016-06-06 14:23:11	2016-06-06 14:23:11	Skatepark Indian Hammocks		0	208	207	01010000004796FC62C91754C0357F4591C8B13940	f
132	1	2016-06-06 16:35:52	2016-06-06 16:35:52	Scuola elementare		0	209	209	0101000000868F8829918420408D28ED0DBE084740	f
133	1	2016-06-06 17:09:06	2016-06-06 17:09:06	Skatepark Pier 62		0	214	213	0101000000B1A71DFE9A8052C0AB9509BFD45F4440	f
134	1	2016-06-09 23:40:38	2016-06-09 23:40:38	Blu handrail		0	216	215	0101000000B554DE8E701A1D40D5E76A2BF68F4740	f
135	1	2016-06-09 23:44:47	2016-06-09 23:44:47	A.S.L.		0	217	217	0101000000E292E34EE9202140BBB88D06F0F64640	f
136	1	2016-06-09 23:45:42	2016-06-09 23:45:42	Curbed rail		0	218	218	0101000000BB0A293FA9161D40B537F8C264924740	f
137	1	2016-06-15 21:30:35	2016-06-15 21:30:35	Tcs		0	219	219	0101000000B9C7D2872EE821401B2FDD2406014740	f
138	1	2016-06-15 21:32:22	2016-06-15 21:32:22	Curb		0	220	220	0101000000FEB7921D1B211D4009F9A067B3924740	f
139	1	2016-06-15 21:36:47	2016-06-15 21:36:47	Gap over prato		0	221	221	0101000000130A11700825214000917EFB3AF84640	f
140	1	2016-06-15 21:38:19	2016-06-15 21:38:19	Piazza delle banche		0	222	222	01010000002EAD86C43D2621408048BF7D1DF84640	f
141	1	2016-06-16 07:54:10	2016-06-16 07:54:10	Mercatone uno		0	223	223	01010000009CA223B9FC9720408C4AEA0434114740	f
142	1	2016-06-16 20:34:46	2016-06-16 20:34:46	Rail ikea		0	224	224	0101000000EC12D55B03DB2140F853E3A59BFC4640	f
143	1	2016-06-21 17:08:01	2016-06-21 17:08:01	Bank		0	225	225	0101000000E4839ECDAAAF24408BFD65F7E4E14540	f
144	1	2016-06-21 22:35:03	2016-06-21 22:35:03	Gap stretto		0	226	226	01010000003108AC1C5A242140637FD93D79F84640	f
145	1	2016-06-21 22:38:13	2016-06-21 22:38:13	Handrail de la gare		0	227	227	01010000009D853DEDF0F71C407FFB3A70CE904740	f
146	1	2016-06-21 22:44:31	2016-06-21 22:44:31	Skatepark  Busswil		0	228	228	01010000004243FF04174B1D4022FDF675E08C4740	f
147	1	2016-06-21 22:46:32	2016-06-21 22:46:32	Miniramp		0	229	229	01010000006FF59CF4BEB11C401B0DE02D90984740	t
148	1	2016-06-21 22:48:35	2016-06-21 22:48:35	Miniramp		0	230	230	0101000000EE5A423EE8192140006F8104C5DF4640	f
149	1	2016-06-22 08:43:30	2016-06-22 08:43:30	Mr. Wilson Skatehalle		0	254	231	0101000000CCB4FD2B2BF522405A643BDF4FA94940	f
150	2	2016-06-22 12:50:22	2016-06-22 12:50:22	Adriatic Bowl		0	232	232	0101000000A8C64B3789012A4014D044D8F0EC4540	f
151	1	2016-06-23 16:06:29	2016-06-23 16:06:29	Ledges		0	234	233	01010000004CA60A4625D52C40075F984C150C4940	f
152	1	2016-06-23 16:12:11	2016-06-23 16:12:11	Stalin plaza		0	236	235	0101000000696FF085C9D42C40E3A59BC4200C4940	f
153	1	2016-07-16 13:10:57	2016-07-16 13:10:57	Curb		0	237	237	0101000000ED815660C85A214058CA32C4B10E4940	f
154	1	2016-07-16 13:57:48	2016-07-16 13:57:48	Welle		0	239	238	0101000000535C55F65D5921409FCDAACFD50E4940	f
155	1	2016-07-16 14:16:52	2016-07-16 14:16:52	Bockenheimer banks		0	243	242	0101000000AE122C0E674E214017D9CEF7530F4940	f
156	1	2016-07-16 15:27:14	2016-07-16 15:27:14	Black mamba ledge		0	244	244	010100000072F90FE9B74F21402063EE5A420E4940	f
157	1	2016-07-16 16:15:12	2016-07-16 16:15:12	Ghetto park		0	247	246	01010000000F8119667B472140787AA52C430C4940	f
158	1	2016-07-16 19:56:01	2016-07-16 19:56:01	Hafenpark		0	250	249	0101000000983446EBA86A2140A089B0E1E90D4940	f
159	1	2016-07-17 15:17:11	2016-07-17 15:17:11	Mr. Wilson		0	253	252	0101000000A1F31ABB44F522400C93A98251A94940	f
160	1	2016-07-18 09:36:30	2016-07-18 09:36:30	Skatepark  Ulm		0	258	257	01010000004CA60A4625E52340F90FE9B7AF334840	f
161	1	2016-07-26 09:37:03	2016-07-26 09:37:03	Bowl Mayrhofen		0	259	259	01010000009487855AD3BC2740B0726891ED944740	f
162	1	2016-07-26 09:44:35	2016-07-26 09:44:35	Skatepark Les Deux Alpes		0	260	260	01010000008CDB68006F811840A835CD3B4E814640	f
163	2	2016-08-03 09:21:27	2016-08-03 09:21:27	Skatepark Whistler		0	262	261	0101000000BE9F1A2FDDBC5EC0744694F6060F4940	f
164	1	2016-08-03 18:26:20	2016-08-03 18:26:20	Skatepark Walenstadt		0	264	263	0101000000EC4CA1F31A9B2240E4141DC9E58F4740	f
165	1	2016-08-16 19:26:56	2016-08-16 19:26:56	Balzers Schuelhaus		0	266	265	010100000038A11001870023402A3A92CB7F884740	f
166	1	2016-08-16 20:29:34	2016-08-16 20:29:34	Kirche ledge		1	267	267	010100000023F8DF4A760C2340D578E92631904740	f
167	2	2016-08-23 07:34:28	2016-08-23 07:34:28	Craig Ranch Skatepark		1	269	268	0101000000E7FBA9F1D2C95CC009F9A067B31E4240	f
169	2	2016-08-27 10:57:46	2016-08-27 10:57:46	La Boheme d.i.y		1	272	271	010100000014AE47E17A4C224037894160E5DC4640	f
170	2	2016-08-27 11:11:59	2016-08-27 11:11:59	Ledge to gap		2	275	274	0101000000C56B68F0E44022403B27563358DE4640	f
171	1	2016-08-30 20:17:48	2016-08-30 20:17:48	Bündner Kantonsschule		12	278	277	010100000019FD7253F0112340CED14A345B6C4740	f
172	1	2016-09-14 08:12:37	2016-09-14 08:12:37	Skatepark Osimo		7	281	280	01010000003D9B559FABFD2A40B0726891EDBC4540	f
173	1	2016-09-22 19:06:33	2016-09-22 19:06:33	Bowl Balzers 		6	283	282	0101000000E3C281902C002340C6DCB5847C884740	f
174	1	2016-09-30 13:24:42	2016-09-30 13:24:42	Skatepark Seregno		1	284	284	01010000005C1B2AC6F96B2240068195438BD44640	f
175	2	2016-10-01 22:21:54	2016-10-01 22:21:54	Skatepark Péitruss		8	286	285	01010000000E32C9C85988184076E09C11A5CD4840	f
176	1	2016-10-25 17:23:58	2016-10-25 17:23:58	Fontain grand place		0	287	287	01010000002041F163CC9D1C40F46C567DAE664740	f
177	1	2016-10-26 08:41:51	2016-10-26 08:41:51	Minirail		0	288	288	0101000000E7C6F484259E1C4002BC051214674740	f
178	1	2016-10-26 09:00:45	2016-10-26 09:00:45	Centre Professional		0	289	289	010100000053910A630BA11C40E5F21FD26F674740	f
179	1	2016-10-26 10:57:29	2016-10-26 10:57:29	Equilibre		10	292	291	0101000000B0869F12EA9C1C409FCDAACFD5664740	f
180	1	2016-10-27 15:29:00	2016-10-27 15:29:00	Bowl Skatepark Fully		5	294	293	010100000060AB048BC3791C40E09C11A5BD114740	f
181	1	2016-10-30 11:46:15	2016-10-30 11:46:15	Skatepark Naters		5	296	295	0101000000C24CDBBFB202204068B3EA73B5294740	f
182	1	2016-11-05 15:32:10	2016-11-05 15:32:10	Reitschule bowl		6	298	297	010100000048BF7D1D38C71D4060E5D022DB794740	f
183	2	2016-11-30 09:12:11	2016-11-30 09:12:11	Skatepark Albufeira		2	305	305	010100000043E21E4B1F7A20C03F575BB1BF8C4240	f
184	1	2016-12-27 18:00:38	2016-12-27 18:00:38	Skills park street		15	309	308	01010000008E75711B0D702140A54E401361BF4740	f
185	1	2016-12-27 18:04:22	2016-12-27 18:04:22	Skills park bowl		5	311	310	0101000000D55B035B257021401D38674469BF4740	f
186	1	2017-01-03 13:34:50	2017-01-03 13:34:50	Curb		5	313	312	01010000003C31EBC5504622C07B832F4CA65A4340	f
187	1	2017-03-01 15:13:05	2017-03-01 15:13:05	Skatepark Siberia		5	315	314	0101000000C139234A7B8B2140789CA223B9144740	f
188	1	2017-12-30 12:17:18	2017-12-30 12:17:18	Holenstein miniramp		0	316	316	0101000000F3716DA818272240B22E6EA301844740	t
189	1	2017-12-30 12:32:22	2017-12-30 12:32:22	Barceloneta		15	343	319	0101000000CA32C4B12E9A204068226C787ABD4740	f
190	2	2017-12-30 19:20:16	2017-12-30 19:20:16	Wood curbs		0	320	320	0101000000200C3CF71EAE0B40FB5C6DC5FEDA4340	f
191	2	2017-12-30 19:45:43	2017-12-30 19:45:43	Blue rails		0	321	321	010100000055A4C2D842D006405917B7D100BE4340	f
192	2	2017-12-30 19:52:39	2017-12-30 19:52:39	King Cobra		5	385	322	0101000000DDCD531D72130640FA7E6ABC74BF4340	f
193	2	2017-12-30 19:54:32	2017-12-30 19:54:32	Placa del comerc		0	323	323	01010000002CF180B229170A4012143FC6DCB54340	f
194	2	2017-12-30 19:57:44	2017-12-30 19:57:44	Placa Sant Jaume		0	324	324	0101000000520FD1E80EA20940613255302AC94340	f
195	2	2017-12-30 20:03:31	2017-12-30 20:03:31	Placa Ramon Llull		0	325	325	01010000001AA88C7F9FB10940545227A089C84340	f
196	2	2017-12-30 20:07:13	2017-12-30 20:07:13	Down ledges		10	372	371	01010000006400B9D75C080640AA3A4BA3DCC04340	f
197	2	2017-12-30 20:13:07	2017-12-30 20:13:07	Ledges Sa Cabaneta		10	370	369	0101000000591146C67DFE0540E4CBA4736BCF4340	f
198	2	2017-12-30 20:22:26	2017-12-30 20:22:26	Parc de Sa Feixina		5	347	328	010100000073BA2C26361F05407E8CB96B09C94340	f
199	2	2017-12-30 20:25:08	2017-12-30 20:25:08	Inca banks		20	380	379	010100000073D712F2414F0740DC114E0B5EDC4340	f
200	2	2017-12-30 20:39:03	2017-12-30 20:39:03	Skatepark Sa Riera		10	346	345	010100000021A5EA31A41D05400963A404EACA4340	f
201	2	2017-12-30 20:43:49	2017-12-30 20:43:49	Skatepark Felantix		0	331	331	0101000000EE42739D461A09404F401361C3BB4340	f
202	2	2018-01-03 12:43:40	2018-01-03 12:43:40	Auditorio ledge		0	332	332	0101000000BDC458A65F22DFBF304CA60A462D4340	f
203	2	2018-01-04 08:59:44	2018-01-04 08:59:44	Skatepark Inca		5	381	333	0101000000B610E4A084390740FFB27BF2B0DC4340	f
204	2	2018-01-04 11:58:56	2018-01-04 11:58:56	Plaza Seneca		5	335	334	0101000000E1B88C9B1A68DFBF3255302AA92B4340	f
205	2	2018-01-04 16:31:34	2018-01-04 16:31:34	Skatepark Santa Pola		5	406	336	01010000003BC43F6CE951E2BF92CB7F48BF194340	f
206	1	2018-01-04 21:25:38	2018-01-04 21:25:38	Skatepark Cogolin		0	338	338	0101000000F7E978CC40251A40F2B0506B9A9F4540	f
207	2	2018-01-04 21:28:12	2018-01-04 21:28:12	Skatepark Hyères		5	340	339	010100000032E6AE25E49318401E166A4DF38E4540	f
208	2	2018-01-04 21:42:50	2018-01-04 21:42:50	Skatepark Draguignan		5	342	341	01010000007BDAE1AFC9CA1940B7D100DE02C54540	f
209	1	2018-01-06 15:40:08	2018-01-06 15:40:08	Blue wawe		0	344	344	0101000000C269C18BBE020540D50968226CC84340	f
210	1	2018-01-12 19:43:25	2018-01-12 19:43:25	Skatepark		5	349	348	01010000004B598638D6050540F31FD26F5FCB4340	f
211	1	2018-01-12 19:44:47	2018-01-12 19:44:47	Velodromo		5	351	350	0101000000D656EC2FBB0705403A92CB7F48CB4340	f
212	1	2018-01-12 19:46:32	2018-01-12 19:46:32	Fontana		0	352	352	01010000006397A8DE1AD803406F1283C0CAC14340	f
213	1	2018-01-12 19:47:33	2018-01-12 19:47:33	Banks		10	357	356	0101000000A1C4D6591AE503405FBFC77390C24340	f
214	1	2018-01-12 19:48:19	2018-01-12 19:48:19	Skatepark Santa Ponca		0	354	354	0101000000B8921D1B81F80340C286A757CAC24340	f
215	1	2018-01-12 19:49:38	2018-01-12 19:49:38	Quarter		0	355	355	0101000000642310AFEB17034004560E2DB2C54340	f
216	1	2018-01-12 19:52:25	2018-01-12 19:52:25	La Cruz		5	359	358	010100000096CFF23CB8BB0340280F0BB5A6C14340	f
217	1	2018-01-12 19:56:34	2018-01-12 19:56:34	Es Generador		5	361	360	010100000046B6F3FDD45804402497FF907EC34340	f
218	1	2018-01-12 19:59:48	2018-01-12 19:59:48	Ruine spot		15	365	364	01010000002EFF21FDF6D508403C4ED1915CE84340	f
219	1	2018-01-12 20:03:26	2018-01-12 20:03:26	Bank Colegio		10	368	367	01010000000C0742B280090940789CA223B9EC4340	f
220	1	2018-01-12 20:08:55	2018-01-12 20:08:55	Ballerman banks		5	374	373	0101000000BC74931804D60540A4703D0AD7C34340	f
221	1	2018-01-12 20:17:26	2018-01-12 20:17:26	Curbs		5	376	375	0101000000FED478E92651074055C1A8A44EDC4340	f
222	1	2018-01-12 20:24:57	2018-01-12 20:24:57	Plaza Concordia		10	384	383	0101000000C1BF190FC9230840DE718A8EE4E24340	f
223	2	2018-02-08 13:44:34	2018-02-08 13:44:34	Bonassodromo		0	386	386	0101000000DB8AFD65F7B4224017B7D100DED24640	f
224	1	2019-04-18 18:37:50	2019-04-18 18:37:50	Mini Riva del Garda		10	399	398	010100000053B63A2678B02540ED56368613F34640	f
225	2	2019-04-18 18:42:25	2019-04-18 18:42:25	Wave Skatepark		0	388	388	01010000007F130A1170C82340401361C3D3CB4640	f
226	2	2019-04-18 18:45:41	2019-04-18 18:45:41	Polaresco Bowl		0	389	389	01010000006AFB57569A442340D50968226CD84640	f
227	2	2019-04-18 18:55:19	2019-04-18 18:55:19	Skatepark Desenzano		0	390	390	0101000000265305A3921A25406D567DAEB6BA4640	f
228	2	2019-04-18 19:00:28	2019-04-18 19:00:28	Skatepark Trento		20	395	394	01010000002575029A083B2640ADC090D5AD064740	f
229	1	2019-04-20 13:09:17	2019-04-20 13:09:17	Quarter		5	397	396	0101000000933A014D84FD254005C58F3177094740	f
230	1	2019-05-30 12:27:51	2019-05-30 12:27:51	D.i.y Caribu		5	401	400	010100000002486DE2E47E0340C364AA6054C64440	f
231	1	2019-05-31 10:57:07	2019-05-31 10:57:07	Bowl		10	404	403	0101000000A73DF4CAE2EBD6BF0963A404EABA4340	f
232	1	2019-06-02 14:27:58	2019-06-02 14:27:58	Skatepark Ronda		0	405	405	010100000047382D78D19714C01CEBE2361A604240	f
233	1	2019-06-12 10:47:10	2019-06-12 10:47:10	Skateboarding ramp WCC		5	408	407	01010000004A41B79734260840A2B437F8C2744540	f
\.


--
-- Data for Name: spots_user; Type: TABLE DATA; Schema: public; Owner: postgres
--

COPY public.spots_user (id, username, username_canonical, email, email_canonical, enabled, salt, password, last_login, locked, expired, expires_at, confirmation_token, password_requested_at, roles, credentials_expired, credentials_expire_at, created, reputation) FROM stdin;
\.


--
-- Name: auth_group_id_seq; Type: SEQUENCE SET; Schema: public; Owner: postgres
--

SELECT pg_catalog.setval('public.auth_group_id_seq', 1, false);


--
-- Name: auth_group_permissions_id_seq; Type: SEQUENCE SET; Schema: public; Owner: postgres
--

SELECT pg_catalog.setval('public.auth_group_permissions_id_seq', 1, false);


--
-- Name: auth_permission_id_seq; Type: SEQUENCE SET; Schema: public; Owner: postgres
--

SELECT pg_catalog.setval('public.auth_permission_id_seq', 40, true);


--
-- Name: auth_user_groups_id_seq; Type: SEQUENCE SET; Schema: public; Owner: postgres
--

SELECT pg_catalog.setval('public.auth_user_groups_id_seq', 1, false);


--
-- Name: auth_user_id_seq; Type: SEQUENCE SET; Schema: public; Owner: postgres
--

SELECT pg_catalog.setval('public.auth_user_id_seq', 2, true);


--
-- Name: auth_user_user_permissions_id_seq; Type: SEQUENCE SET; Schema: public; Owner: postgres
--

SELECT pg_catalog.setval('public.auth_user_user_permissions_id_seq', 1, false);


--
-- Name: django_admin_log_id_seq; Type: SEQUENCE SET; Schema: public; Owner: postgres
--

SELECT pg_catalog.setval('public.django_admin_log_id_seq', 1, true);


--
-- Name: django_content_type_id_seq; Type: SEQUENCE SET; Schema: public; Owner: postgres
--

SELECT pg_catalog.setval('public.django_content_type_id_seq', 10, true);


--
-- Name: django_migrations_id_seq; Type: SEQUENCE SET; Schema: public; Owner: postgres
--

SELECT pg_catalog.setval('public.django_migrations_id_seq', 21, true);


--
-- Name: spots_picture_id_seq; Type: SEQUENCE SET; Schema: public; Owner: postgres
--

SELECT pg_catalog.setval('public.spots_picture_id_seq', 1, false);


--
-- Name: spots_spot_id_seq; Type: SEQUENCE SET; Schema: public; Owner: postgres
--

SELECT pg_catalog.setval('public.spots_spot_id_seq', 1, false);


--
-- Name: spots_user_id_seq; Type: SEQUENCE SET; Schema: public; Owner: postgres
--

SELECT pg_catalog.setval('public.spots_user_id_seq', 1, false);


--
-- Name: auth_group auth_group_name_key; Type: CONSTRAINT; Schema: public; Owner: postgres
--

ALTER TABLE ONLY public.auth_group
    ADD CONSTRAINT auth_group_name_key UNIQUE (name);


--
-- Name: auth_group_permissions auth_group_permissions_group_id_permission_id_0cd325b0_uniq; Type: CONSTRAINT; Schema: public; Owner: postgres
--

ALTER TABLE ONLY public.auth_group_permissions
    ADD CONSTRAINT auth_group_permissions_group_id_permission_id_0cd325b0_uniq UNIQUE (group_id, permission_id);


--
-- Name: auth_group_permissions auth_group_permissions_pkey; Type: CONSTRAINT; Schema: public; Owner: postgres
--

ALTER TABLE ONLY public.auth_group_permissions
    ADD CONSTRAINT auth_group_permissions_pkey PRIMARY KEY (id);


--
-- Name: auth_group auth_group_pkey; Type: CONSTRAINT; Schema: public; Owner: postgres
--

ALTER TABLE ONLY public.auth_group
    ADD CONSTRAINT auth_group_pkey PRIMARY KEY (id);


--
-- Name: auth_permission auth_permission_content_type_id_codename_01ab375a_uniq; Type: CONSTRAINT; Schema: public; Owner: postgres
--

ALTER TABLE ONLY public.auth_permission
    ADD CONSTRAINT auth_permission_content_type_id_codename_01ab375a_uniq UNIQUE (content_type_id, codename);


--
-- Name: auth_permission auth_permission_pkey; Type: CONSTRAINT; Schema: public; Owner: postgres
--

ALTER TABLE ONLY public.auth_permission
    ADD CONSTRAINT auth_permission_pkey PRIMARY KEY (id);


--
-- Name: auth_user_groups auth_user_groups_pkey; Type: CONSTRAINT; Schema: public; Owner: postgres
--

ALTER TABLE ONLY public.auth_user_groups
    ADD CONSTRAINT auth_user_groups_pkey PRIMARY KEY (id);


--
-- Name: auth_user_groups auth_user_groups_user_id_group_id_94350c0c_uniq; Type: CONSTRAINT; Schema: public; Owner: postgres
--

ALTER TABLE ONLY public.auth_user_groups
    ADD CONSTRAINT auth_user_groups_user_id_group_id_94350c0c_uniq UNIQUE (user_id, group_id);


--
-- Name: auth_user auth_user_pkey; Type: CONSTRAINT; Schema: public; Owner: postgres
--

ALTER TABLE ONLY public.auth_user
    ADD CONSTRAINT auth_user_pkey PRIMARY KEY (id);


--
-- Name: auth_user_user_permissions auth_user_user_permissions_pkey; Type: CONSTRAINT; Schema: public; Owner: postgres
--

ALTER TABLE ONLY public.auth_user_user_permissions
    ADD CONSTRAINT auth_user_user_permissions_pkey PRIMARY KEY (id);


--
-- Name: auth_user_user_permissions auth_user_user_permissions_user_id_permission_id_14a6b632_uniq; Type: CONSTRAINT; Schema: public; Owner: postgres
--

ALTER TABLE ONLY public.auth_user_user_permissions
    ADD CONSTRAINT auth_user_user_permissions_user_id_permission_id_14a6b632_uniq UNIQUE (user_id, permission_id);


--
-- Name: auth_user auth_user_username_key; Type: CONSTRAINT; Schema: public; Owner: postgres
--

ALTER TABLE ONLY public.auth_user
    ADD CONSTRAINT auth_user_username_key UNIQUE (username);


--
-- Name: authtoken_token authtoken_token_pkey; Type: CONSTRAINT; Schema: public; Owner: postgres
--

ALTER TABLE ONLY public.authtoken_token
    ADD CONSTRAINT authtoken_token_pkey PRIMARY KEY (key);


--
-- Name: authtoken_token authtoken_token_user_id_key; Type: CONSTRAINT; Schema: public; Owner: postgres
--

ALTER TABLE ONLY public.authtoken_token
    ADD CONSTRAINT authtoken_token_user_id_key UNIQUE (user_id);


--
-- Name: django_admin_log django_admin_log_pkey; Type: CONSTRAINT; Schema: public; Owner: postgres
--

ALTER TABLE ONLY public.django_admin_log
    ADD CONSTRAINT django_admin_log_pkey PRIMARY KEY (id);


--
-- Name: django_content_type django_content_type_app_label_model_76bd3d3b_uniq; Type: CONSTRAINT; Schema: public; Owner: postgres
--

ALTER TABLE ONLY public.django_content_type
    ADD CONSTRAINT django_content_type_app_label_model_76bd3d3b_uniq UNIQUE (app_label, model);


--
-- Name: django_content_type django_content_type_pkey; Type: CONSTRAINT; Schema: public; Owner: postgres
--

ALTER TABLE ONLY public.django_content_type
    ADD CONSTRAINT django_content_type_pkey PRIMARY KEY (id);


--
-- Name: django_migrations django_migrations_pkey; Type: CONSTRAINT; Schema: public; Owner: postgres
--

ALTER TABLE ONLY public.django_migrations
    ADD CONSTRAINT django_migrations_pkey PRIMARY KEY (id);


--
-- Name: django_session django_session_pkey; Type: CONSTRAINT; Schema: public; Owner: postgres
--

ALTER TABLE ONLY public.django_session
    ADD CONSTRAINT django_session_pkey PRIMARY KEY (session_key);


--
-- Name: spots_picture spots_picture_pkey; Type: CONSTRAINT; Schema: public; Owner: postgres
--

ALTER TABLE ONLY public.spots_picture
    ADD CONSTRAINT spots_picture_pkey PRIMARY KEY (id);


--
-- Name: spots_picture_user spots_picture_user_pkey; Type: CONSTRAINT; Schema: public; Owner: postgres
--

ALTER TABLE ONLY public.spots_picture_user
    ADD CONSTRAINT spots_picture_user_pkey PRIMARY KEY (spots_picture_id, user_id);


--
-- Name: spots_spot spots_spot_pkey; Type: CONSTRAINT; Schema: public; Owner: postgres
--

ALTER TABLE ONLY public.spots_spot
    ADD CONSTRAINT spots_spot_pkey PRIMARY KEY (id);


--
-- Name: spots_user spots_user_pkey; Type: CONSTRAINT; Schema: public; Owner: postgres
--

ALTER TABLE ONLY public.spots_user
    ADD CONSTRAINT spots_user_pkey PRIMARY KEY (id);


--
-- Name: auth_group_name_a6ea08ec_like; Type: INDEX; Schema: public; Owner: postgres
--

CREATE INDEX auth_group_name_a6ea08ec_like ON public.auth_group USING btree (name varchar_pattern_ops);


--
-- Name: auth_group_permissions_group_id_b120cbf9; Type: INDEX; Schema: public; Owner: postgres
--

CREATE INDEX auth_group_permissions_group_id_b120cbf9 ON public.auth_group_permissions USING btree (group_id);


--
-- Name: auth_group_permissions_permission_id_84c5c92e; Type: INDEX; Schema: public; Owner: postgres
--

CREATE INDEX auth_group_permissions_permission_id_84c5c92e ON public.auth_group_permissions USING btree (permission_id);


--
-- Name: auth_permission_content_type_id_2f476e4b; Type: INDEX; Schema: public; Owner: postgres
--

CREATE INDEX auth_permission_content_type_id_2f476e4b ON public.auth_permission USING btree (content_type_id);


--
-- Name: auth_user_groups_group_id_97559544; Type: INDEX; Schema: public; Owner: postgres
--

CREATE INDEX auth_user_groups_group_id_97559544 ON public.auth_user_groups USING btree (group_id);


--
-- Name: auth_user_groups_user_id_6a12ed8b; Type: INDEX; Schema: public; Owner: postgres
--

CREATE INDEX auth_user_groups_user_id_6a12ed8b ON public.auth_user_groups USING btree (user_id);


--
-- Name: auth_user_user_permissions_permission_id_1fbb5f2c; Type: INDEX; Schema: public; Owner: postgres
--

CREATE INDEX auth_user_user_permissions_permission_id_1fbb5f2c ON public.auth_user_user_permissions USING btree (permission_id);


--
-- Name: auth_user_user_permissions_user_id_a95ead1b; Type: INDEX; Schema: public; Owner: postgres
--

CREATE INDEX auth_user_user_permissions_user_id_a95ead1b ON public.auth_user_user_permissions USING btree (user_id);


--
-- Name: auth_user_username_6821ab7c_like; Type: INDEX; Schema: public; Owner: postgres
--

CREATE INDEX auth_user_username_6821ab7c_like ON public.auth_user USING btree (username varchar_pattern_ops);


--
-- Name: authtoken_token_key_10f0b77e_like; Type: INDEX; Schema: public; Owner: postgres
--

CREATE INDEX authtoken_token_key_10f0b77e_like ON public.authtoken_token USING btree (key varchar_pattern_ops);


--
-- Name: django_admin_log_content_type_id_c4bce8eb; Type: INDEX; Schema: public; Owner: postgres
--

CREATE INDEX django_admin_log_content_type_id_c4bce8eb ON public.django_admin_log USING btree (content_type_id);


--
-- Name: django_admin_log_user_id_c564eba6; Type: INDEX; Schema: public; Owner: postgres
--

CREATE INDEX django_admin_log_user_id_c564eba6 ON public.django_admin_log USING btree (user_id);


--
-- Name: django_session_expire_date_a5c62663; Type: INDEX; Schema: public; Owner: postgres
--

CREATE INDEX django_session_expire_date_a5c62663 ON public.django_session USING btree (expire_date);


--
-- Name: django_session_session_key_c0390e0f_like; Type: INDEX; Schema: public; Owner: postgres
--

CREATE INDEX django_session_session_key_c0390e0f_like ON public.django_session USING btree (session_key varchar_pattern_ops);


--
-- Name: auth_group_permissions auth_group_permissio_permission_id_84c5c92e_fk_auth_perm; Type: FK CONSTRAINT; Schema: public; Owner: postgres
--

ALTER TABLE ONLY public.auth_group_permissions
    ADD CONSTRAINT auth_group_permissio_permission_id_84c5c92e_fk_auth_perm FOREIGN KEY (permission_id) REFERENCES public.auth_permission(id) DEFERRABLE INITIALLY DEFERRED;


--
-- Name: auth_group_permissions auth_group_permissions_group_id_b120cbf9_fk_auth_group_id; Type: FK CONSTRAINT; Schema: public; Owner: postgres
--

ALTER TABLE ONLY public.auth_group_permissions
    ADD CONSTRAINT auth_group_permissions_group_id_b120cbf9_fk_auth_group_id FOREIGN KEY (group_id) REFERENCES public.auth_group(id) DEFERRABLE INITIALLY DEFERRED;


--
-- Name: auth_permission auth_permission_content_type_id_2f476e4b_fk_django_co; Type: FK CONSTRAINT; Schema: public; Owner: postgres
--

ALTER TABLE ONLY public.auth_permission
    ADD CONSTRAINT auth_permission_content_type_id_2f476e4b_fk_django_co FOREIGN KEY (content_type_id) REFERENCES public.django_content_type(id) DEFERRABLE INITIALLY DEFERRED;


--
-- Name: auth_user_groups auth_user_groups_group_id_97559544_fk_auth_group_id; Type: FK CONSTRAINT; Schema: public; Owner: postgres
--

ALTER TABLE ONLY public.auth_user_groups
    ADD CONSTRAINT auth_user_groups_group_id_97559544_fk_auth_group_id FOREIGN KEY (group_id) REFERENCES public.auth_group(id) DEFERRABLE INITIALLY DEFERRED;


--
-- Name: auth_user_groups auth_user_groups_user_id_6a12ed8b_fk_auth_user_id; Type: FK CONSTRAINT; Schema: public; Owner: postgres
--

ALTER TABLE ONLY public.auth_user_groups
    ADD CONSTRAINT auth_user_groups_user_id_6a12ed8b_fk_auth_user_id FOREIGN KEY (user_id) REFERENCES public.auth_user(id) DEFERRABLE INITIALLY DEFERRED;


--
-- Name: auth_user_user_permissions auth_user_user_permi_permission_id_1fbb5f2c_fk_auth_perm; Type: FK CONSTRAINT; Schema: public; Owner: postgres
--

ALTER TABLE ONLY public.auth_user_user_permissions
    ADD CONSTRAINT auth_user_user_permi_permission_id_1fbb5f2c_fk_auth_perm FOREIGN KEY (permission_id) REFERENCES public.auth_permission(id) DEFERRABLE INITIALLY DEFERRED;


--
-- Name: auth_user_user_permissions auth_user_user_permissions_user_id_a95ead1b_fk_auth_user_id; Type: FK CONSTRAINT; Schema: public; Owner: postgres
--

ALTER TABLE ONLY public.auth_user_user_permissions
    ADD CONSTRAINT auth_user_user_permissions_user_id_a95ead1b_fk_auth_user_id FOREIGN KEY (user_id) REFERENCES public.auth_user(id) DEFERRABLE INITIALLY DEFERRED;


--
-- Name: authtoken_token authtoken_token_user_id_35299eff_fk_auth_user_id; Type: FK CONSTRAINT; Schema: public; Owner: postgres
--

ALTER TABLE ONLY public.authtoken_token
    ADD CONSTRAINT authtoken_token_user_id_35299eff_fk_auth_user_id FOREIGN KEY (user_id) REFERENCES public.auth_user(id) DEFERRABLE INITIALLY DEFERRED;


--
-- Name: django_admin_log django_admin_log_content_type_id_c4bce8eb_fk_django_co; Type: FK CONSTRAINT; Schema: public; Owner: postgres
--

ALTER TABLE ONLY public.django_admin_log
    ADD CONSTRAINT django_admin_log_content_type_id_c4bce8eb_fk_django_co FOREIGN KEY (content_type_id) REFERENCES public.django_content_type(id) DEFERRABLE INITIALLY DEFERRED;


--
-- Name: django_admin_log django_admin_log_user_id_c564eba6_fk_auth_user_id; Type: FK CONSTRAINT; Schema: public; Owner: postgres
--

ALTER TABLE ONLY public.django_admin_log
    ADD CONSTRAINT django_admin_log_user_id_c564eba6_fk_auth_user_id FOREIGN KEY (user_id) REFERENCES public.auth_user(id) DEFERRABLE INITIALLY DEFERRED;


--
-- Name: spots_picture spots_picture_spot_id_fkey; Type: FK CONSTRAINT; Schema: public; Owner: postgres
--

ALTER TABLE ONLY public.spots_picture
    ADD CONSTRAINT spots_picture_spot_id_fkey FOREIGN KEY (spot_id) REFERENCES public.spots_spot(id);


--
-- Name: spots_picture spots_picture_user_id_fkey; Type: FK CONSTRAINT; Schema: public; Owner: postgres
--

ALTER TABLE ONLY public.spots_picture
    ADD CONSTRAINT spots_picture_user_id_fkey FOREIGN KEY (user_id) REFERENCES public.auth_user(id);


--
-- Name: spots_picture_user spots_picture_user_spots_picture_id_fkey; Type: FK CONSTRAINT; Schema: public; Owner: postgres
--

ALTER TABLE ONLY public.spots_picture_user
    ADD CONSTRAINT spots_picture_user_spots_picture_id_fkey FOREIGN KEY (spots_picture_id) REFERENCES public.spots_picture(id) ON DELETE CASCADE;


--
-- Name: spots_picture_user spots_picture_user_user_id_fkey; Type: FK CONSTRAINT; Schema: public; Owner: postgres
--

ALTER TABLE ONLY public.spots_picture_user
    ADD CONSTRAINT spots_picture_user_user_id_fkey FOREIGN KEY (user_id) REFERENCES public.auth_user(id) ON DELETE CASCADE;


--
-- Name: spots_spot spots_spot_picture1_id_fkey; Type: FK CONSTRAINT; Schema: public; Owner: postgres
--

ALTER TABLE ONLY public.spots_spot
    ADD CONSTRAINT spots_spot_picture1_id_fkey FOREIGN KEY (picture1_id) REFERENCES public.spots_picture(id);


--
-- Name: spots_spot spots_spot_picture2_id_fkey; Type: FK CONSTRAINT; Schema: public; Owner: postgres
--

ALTER TABLE ONLY public.spots_spot
    ADD CONSTRAINT spots_spot_picture2_id_fkey FOREIGN KEY (picture2_id) REFERENCES public.spots_picture(id);


--
-- Name: spots_spot spots_spot_user_id_fkey; Type: FK CONSTRAINT; Schema: public; Owner: postgres
--

ALTER TABLE ONLY public.spots_spot
    ADD CONSTRAINT spots_spot_user_id_fkey FOREIGN KEY (user_id) REFERENCES public.auth_user(id);


--
-- PostgreSQL database dump complete
--

